<?xml version='1.0' encoding='UTF-8' ?><!--
Created by Alight Motion (http://alightmotion.com)
Exported: 2024-03-22 09:05 PM
5.0.249.1002172 (1002172)
eaa988d (23-yan, 2024 18:44:49)
-->
<scene title="DARKEN CYAN pale red CC" width="1080" height="1080" exportWidth="1080" exportHeight="1080" precompose="dynamicResolution" bgcolor="#ff000000" totalTime="1166" fps="30" modifiedTime="1711123507517" amver="1002172" ffver="106" am="com.alightcreative.motion/5.0.249.1002172" amplatform="android" retime="freeze" retimeAdaptFPS="false">
  <media uri="content://media/external/images/media/1000074891" type="image/jpeg" duration="0" orientation="0" infoUpdated="1711121131102" width="0" height="0" />
  <shape id="6473129" label="VID_20240227_223747_494.mp4" startTime="0" endTime="965" fillType="media" fillImage="content://media/external/images/media/1000074891" mediaFillMode="fill" presetId="7c6c6097-4b6d-4ba5-8152-a551a5c59593" s=".rect">
    <transform>
      <location value="540.000000,540.000000,0.000000" />
      <scale value="1.001852,1.001852" />
    </transform>
    <property name="size" type="vec2" value="540.000000,540.000000" />
  </shape>
  <shape id="10029735" label="IMG_20240227_222836_785.jpg" startTime="966" endTime="1065" fillType="media" fillImage="content://media/external/images/media/1000074891" mediaFillMode="fill" s=".rect">
    <transform>
      <location value="541.047180,539.129089,0.000000" />
      <scale value="1.250926,1.250926" />
    </transform>
    <property name="size" type="vec2" value="439.500000,540.000000" />
  </shape>
  <shape id="10029738" label="VID_20240226_230657_130.mp4" startTime="1066" endTime="1165" fillType="media" fillImage="content://media/external/images/media/1000074891" mediaFillMode="fill" s=".rect">
    <transform>
      <location value="483.194519,545.651184,0.000000" />
      <scale value="1.813889,1.813889" />
    </transform>
    <property name="size" type="vec2" value="540.000000,303.500000" />
  </shape>
  <shape id="10029736" label="DARKEN CYAN pale red CC" startTime="0" endTime="1165" fillType="color" mediaFillMode="fill" s=".rect">
    <transform>
      <location value="540.000000,540.000000,0.000000" />
    </transform>
    <fillColor value="#ff4c71a9" />
    <effect id="com.alightcreative.effects.lift" locallyApplied="true">
      <property name="fill" type="float" value="0.000000" />
    </effect>
    <effect id="com.alightcreative.effects.rays" locallyApplied="true">
      <property name="centerPoint" type="vec2" value="-211.000000,0.000000" />
      <property name="strength" type="float" value="0.270000" />
      <property name="intensity" type="float" value="1.020000" />
      <property name="threshold" type="float" value="0.830000" />
      <property name="thresholdColor" type="color" value="#ff000000" />
      <property name="fillColor" type="color" value="#fff4b446" />
      <property name="blend" type="float" value="1.000000" />
      <property name="quality" type="float" value="673.000000" />
    </effect>
    <property name="size" type="vec2" value="692.500183,692.500183" />
  </shape>
  <shape id="10029730" label="Rectangle 1" startTime="0" endTime="1166" fillType="color" mediaFillMode="fill" s=".rect">
    <transform>
      <location value="540.000000,540.000000,0.000000" />
    </transform>
    <fillColor value="#ff6c48f0" />
    <effect id="com.alightcreative.effects.lift" locallyApplied="true">
      <property name="fill" type="float" value="0.000000" />
    </effect>
    <effect id="com.alightcreative.effects.sharpen" locallyApplied="true">
      <property name="strength" type="float" value="0.570000" />
      <property name="radius" type="float" value="1.500000" />
    </effect>
    <effect id="com.alightcreative.effects.channelmap" locallyApplied="true">
      <property name="red" type="int" value="0" />
      <property name="green" type="int" value="4" />
      <property name="blue" type="int" value="4" />
      <property name="alpha" type="int" value="3" />
    </effect>
    <effect id="com.alightcreative.effects.channelmap" locallyApplied="true">
      <property name="red" type="int" value="0" />
      <property name="green" type="int" value="1" />
      <property name="blue" type="int" value="4" />
      <property name="alpha" type="int" value="3" />
    </effect>
    <property name="size" type="vec2" value="756.999878,757.000000" />
  </shape>
  <shape id="10029731" label="Rectangle 2" startTime="0" endTime="1166" fillType="color" mediaFillMode="fill" s=".rect">
    <transform>
      <location value="540.000000,540.000000,0.000000" />
    </transform>
    <fillColor value="#ff78455f" />
    <effect id="com.alightcreative.effects.lift" locallyApplied="true">
      <property name="fill" type="float" value="0.000000" />
    </effect>
    <effect id="com.alightcreative.effects.exposure" locallyApplied="true">
      <property name="exposure" type="float" value="0.190000" />
      <property name="gamma" type="float" value="0.865000" />
      <property name="offset" type="float" value="0.000000" />
    </effect>
    <effect id="com.alightcreative.effects.highlightshadow" locallyApplied="true">
      <property name="highlights" type="float" value="1.000000" />
      <property name="shadows" type="float" value="1.000000" />
    </effect>
    <effect id="com.alightcreative.gradientoverlay2" locallyApplied="true">
      <property name="color1" type="color" value="#ffffffff" />
      <property name="color2" type="color" value="#ff000000" />
      <property name="angle" type="float" value="0.000000" />
      <property name="offset" type="vec2" value="-7.000000,-214.000000" />
      <property name="scale" type="float" value="1.100000" />
      <property name="alpha" type="float" value="0.441000" />
      <property name="gradType" type="int" value="0" />
      <property name="blendMode" type="int" value="2" />
    </effect>
    <property name="size" type="vec2" value="673.346741,673.346741" />
  </shape>
  <shape id="10029733" label="Rectangle 4 Copy" startTime="0" endTime="1166" fillType="color" blending="screen" mediaFillMode="stretch" s=".rect">
    <transform>
      <location value="-6.628784,720.000000,0.000000" />
      <scale value="7.200000,7.200000" />
    </transform>
    <fillColor value="#ffed5ece" />
    <effect id="com.alightcreative.effects.lift" locallyApplied="true">
      <property name="fill" type="float" value="0.000000" />
    </effect>
    <effect id="com.alightcreative.effects.threshold" locallyApplied="true">
      <property name="threshold" type="float" value="0.700000" />
      <property name="feather" type="float" value="0.000000" />
      <property name="invert" type="bool" value="false" />
      <property name="blendMode" type="int" value="2" />
    </effect>
    <effect id="com.alightcreative.effects.stretchsegment" locallyApplied="true">
      <property name="angle" type="float" value="0.000000" />
      <property name="stretch" type="float" value="900.000000" />
      <property name="offset" type="float" value="-15.000000" />
      <property name="smooth" type="float" value="1.000000" />
    </effect>
    <effect id="com.alightcreative.effects.gaussianblur" locallyApplied="true">
      <property name="strength" type="float" value="0.150000" />
    </effect>
    <effect id="com.alightcreative.effects.wipe2" locallyApplied="true">
      <property name="start" type="float" value="1.000000" />
      <property name="end" type="float" value="1.000000" />
      <property name="angle" type="float" value="180.000000" />
      <property name="feather" type="float" value="100.000000" />
    </effect>
    <property name="size" type="vec2" value="100.000000,100.000000" />
  </shape>
  <shape id="10029734" label="Rectangle 4" startTime="0" endTime="1166" fillType="color" blending="screen" mediaFillMode="stretch" s=".rect">
    <transform>
      <location value="1128.925049,643.879883,0.000000" />
      <scale value="3.309177,3.309177" />
    </transform>
    <fillColor value="#ffed5ece" />
    <effect id="com.alightcreative.effects.lift" locallyApplied="true">
      <property name="fill" type="float" value="0.000000" />
    </effect>
    <effect id="com.alightcreative.effects.threshold" locallyApplied="true">
      <property name="threshold" type="float" value="0.700000" />
      <property name="feather" type="float" value="0.000000" />
      <property name="invert" type="bool" value="false" />
      <property name="blendMode" type="int" value="2" />
    </effect>
    <effect id="com.alightcreative.effects.stretchsegment" locallyApplied="true">
      <property name="angle" type="float" value="0.000000" />
      <property name="stretch" type="float" value="900.000000" />
      <property name="offset" type="float" value="15.000000" />
      <property name="smooth" type="float" value="1.000000" />
    </effect>
    <effect id="com.alightcreative.effects.gaussianblur" locallyApplied="true">
      <property name="strength" type="float" value="0.150000" />
    </effect>
    <effect id="com.alightcreative.effects.wipe2" locallyApplied="true">
      <property name="start" type="float" value="1.000000" />
      <property name="end" type="float" value="1.000000" />
      <property name="angle" type="float" value="0.000000" />
      <property name="feather" type="float" value="100.000000" />
    </effect>
    <property name="size" type="vec2" value="354.215881,100.000000" />
  </shape>
</scene>