<?xml version='1.0' encoding='UTF-8' ?><!--
Created by Alight Motion (http://alightmotion.com)
Exported: 2024-03-02 05:23 PM
5.0.249.1002172 (1002172)
eaa988d (23-yan, 2024 18:44:49)
-->
<scene title="DARKEN CC 6" width="1080" height="1080" exportWidth="1440" exportHeight="1080" precompose="dynamicResolution" bgcolor="#ffd8d8d8" totalTime="699" fps="60" modifiedTime="1709382205228" amver="1002172" ffver="106" am="com.alightcreative.motion/5.0.249.1002172" amplatform="android" retime="freeze" retimeAdaptFPS="false">
  <media uri="content://media/external/images/media/1000071587" filename="1709363587653.jpg" title="1709363587653.jpg" type="image/jpeg" duration="0" size="448430" orientation="0" infoUpdated="1709382180727" width="0" height="0" />
  <bookmark t="8" />
  <bookmark t="641" />
  <shape id="6445298" label="IMG_20231228_110841_984.jpg" startTime="0" endTime="699" fillType="media" fillImage="content://media/external/images/media/1000071587" mediaFillMode="fill" s=".rect">
    <transform>
      <location value="540.000000,540.000000,0.000000" />
    </transform>
    <property name="size" type="vec2" value="540.000000,540.000000" />
  </shape>
  <shape id="6299515" label="Rectangle 1" startTime="0" endTime="699" fillType="color" blending="diff" mediaFillMode="stretch" s=".rect">
    <transform>
      <location value="1122.568604,538.368103,0.000000" />
      <scale value="0.553035,0.553035" />
    </transform>
    <fillColor value="#ff5e6ac6" />
    <effect id="com.alightcreative.effects.lift" locallyApplied="false">
      <property name="fill" type="float" value="0.000000" />
    </effect>
    <effect id="com.alightcreative.effects.gaussianblur" locallyApplied="false">
      <property name="strength" type="float" value="0.005000" />
    </effect>
    <effect id="com.alightcreative.effects.exposure" locallyApplied="false">
      <property name="exposure" type="float" value="-0.910000" />
      <property name="gamma" type="float" value="1.000000" />
      <property name="offset" type="float" value="0.000000" />
    </effect>
    <property name="size" type="vec2" value="981.043945,981.043945" />
  </shape>
  <shape id="6299516" label="Rectangle 2" startTime="0" endTime="699" fillType="color" blending="overlay" mediaFillMode="stretch" s=".rect">
    <transform>
      <location value="1122.568359,538.368103,0.000000" />
      <scale value="0.550361,0.550361" />
    </transform>
    <property name="size" type="vec2" value="985.809631,985.809387" />
  </shape>
  <shape id="6299517" label="Rectangle 3" startTime="0" endTime="699" fillType="color" blending="overlay" mediaFillMode="stretch" s=".rect">
    <transform>
      <location value="1122.568359,538.368103,0.000000" />
      <scale value="0.515246,0.515246" />
    </transform>
    <fillColor value="#fff3bc37" />
    <effect id="com.alightcreative.effects.lift" locallyApplied="false">
      <property name="fill" type="float" value="0.000000" />
    </effect>
    <effect id="com.alightcreative.effects.satvib" locallyApplied="false">
      <property name="saturation" type="float" value="-1.000000" />
      <property name="vib" type="float" value="2.000000" />
    </effect>
    <property name="size" type="vec2" value="1052.993896,1052.994141" />
  </shape>
  <shape id="6299523" label="Rectangle 5 Copy" startTime="0" endTime="699" fillType="color" blending="hue" mediaFillMode="stretch" s=".rect">
    <transform>
      <location value="1122.568359,538.368103,0.000000" />
      <scale value="0.423130,0.423130" />
      <opacity value="0.599609" />
    </transform>
    <fillColor value="#ff444444" />
    <property name="size" type="vec2" value="1282.232056,1282.232300" />
  </shape>
  <shape id="6299519" label="Rectangle 3 Copy" startTime="0" endTime="699" fillType="color" blending="soft-light" mediaFillMode="stretch" s=".rect">
    <transform>
      <location value="1122.568359,538.368103,0.000000" />
      <scale value="0.515246,0.515246" />
      <opacity value="0.232422" />
    </transform>
    <fillColor value="#fff3bc37" />
    <effect id="com.alightcreative.effects.lift" locallyApplied="false">
      <property name="fill" type="float" value="0.000000" />
    </effect>
    <effect id="com.alightcreative.effects.satvib" locallyApplied="false">
      <property name="saturation" type="float" value="-1.000000" />
      <property name="vib" type="float" value="2.000000" />
    </effect>
    <property name="size" type="vec2" value="1052.993896,1052.994141" />
  </shape>
  <shape id="6299518" label="Rectangle 4" startTime="0" endTime="699" fillType="color" mediaFillMode="stretch" s=".rect">
    <transform>
      <location value="1122.568604,538.368103,0.000000" />
      <scale value="0.514332,0.514332" />
    </transform>
    <fillColor value="#ffaf7d68" />
    <effect id="com.alightcreative.effects.lift" locallyApplied="false">
      <property name="fill" type="float" value="0.000000" />
    </effect>
    <effect id="com.alightcreative.effects.softglow" locallyApplied="false">
      <property name="strength" type="float" value="0.510000" />
      <property name="brightness" type="float" value="1.010000" />
      <property name="contrast" type="float" value="0.420000" />
      <property name="highlights" type="float" value="0.000000" />
      <property name="color" type="color" value="#ffff4444" />
      <property name="blend" type="float" value="0.250000" />
      <property name="alpha" type="float" value="1.000000" />
      <property name="outsideAlpha" type="float" value="1.000000" />
    </effect>
    <property name="size" type="vec2" value="1054.864746,1054.864746" />
  </shape>
  <shape id="6299525" label="Rectangle 5" startTime="0" endTime="699" fillType="color" mediaFillMode="stretch" s=".rect">
    <transform>
      <location value="1122.568359,538.368103,0.000000" />
      <scale value="0.484325,0.484325" />
    </transform>
    <fillColor value="#ffdbeeba" />
    <effect id="com.alightcreative.effects.lift" locallyApplied="false">
      <property name="fill" type="float" value="0.000000" />
    </effect>
    <effect id="com.alightcreative.effects.exposure" locallyApplied="false">
      <property name="exposure" type="float" value="0.500000" />
      <property name="gamma" type="float" value="1.000000" />
      <property name="offset" type="float" value="0.000000" />
    </effect>
    <effect id="com.alightcreative.effects.vignette" locallyApplied="false">
      <property name="scale" type="float" value="0.702000" />
      <property name="roundness" type="float" value="1.770000" />
      <property name="feather" type="float" value="0.989000" />
      <property name="strength" type="float" value="0.470000" />
      <property name="tint" type="float" value="0.560000" />
      <property name="overlaycolor" type="color" value="#ff000000" />
      <property name="punchout" type="bool" value="false" />
    </effect>
    <property name="size" type="vec2" value="1120.220947,1120.221069" />
  </shape>
</scene>