<?xml version='1.0' encoding='UTF-8' ?><!--
Created by Alight Motion (http://alightmotion.com)
Exported: 2024-03-27 10:00 AM
5.0.249.1002172 (1002172)
eaa988d (23-yan, 2024 18:44:49)
-->
<scene title="DARKEN AMP FOR Movie AMAZING CC " width="1080" height="1080" exportWidth="1080" exportHeight="1080" precompose="dynamicResolution" bgcolor="#ff000000" totalTime="2015" fps="60" modifiedTime="1711515616877" amver="1002172" ffver="106" am="com.alightcreative.motion/5.0.249.1002172" amplatform="android" retime="freeze" retimeAdaptFPS="false">
  <media uri="content://media/external/images/media/1000075040" type="image/jpeg" duration="0" orientation="0" infoUpdated="1711513607731" width="0" height="0" />
  <shape id="10046678" label="made by : darken" startTime="0" endTime="2015" fillType="media" fillImage="content://media/external/images/media/1000075040" mediaFillMode="fill" s=".rect">
    <transform>
      <location value="540.000000,540.000000,0.000000" />
    </transform>
    <property name="size" type="vec2" value="540.000000,540.000000" />
  </shape>
  <shape id="10046659" label="Layer 10" startTime="0" endTime="2015" fillType="color" mediaFillMode="stretch" s=".rect">
    <transform>
      <location value="540.000000,540.000000,0.000000" />
      <scale value="5.400000,5.400000" />
    </transform>
    <fillColor value="#ffb365b2" />
    <effect id="com.alightcreative.effects.lift" locallyApplied="false">
      <property name="fill" type="float" value="0.000000" />
    </effect>
    <effect id="com.alightcreative.effects.channelmap" locallyApplied="true">
      <property name="red" type="int" value="2" />
      <property name="green" type="int" value="4" />
      <property name="blue" type="int" value="4" />
      <property name="alpha" type="int" value="4" />
    </effect>
    <effect id="com.alightcreative.effects.brightcont2" locallyApplied="false">
      <property name="brightness" type="float" value="0.000000" />
      <property name="contrast" type="float" value="0.250000" />
    </effect>
    <effect id="com.alightcreative.effects.satvib" locallyApplied="true">
      <property name="saturation" type="float" value="0.115000" />
      <property name="vib" type="float" value="1.000000" />
    </effect>
    <property name="size" type="vec2" value="100.000000,100.000000" />
  </shape>
  <shape id="10046660" label="Layer 9" startTime="0" endTime="2015" fillType="color" blending="screen" mediaFillMode="stretch" s=".rect">
    <transform>
      <location value="540.000000,540.000000,0.000000" />
      <scale value="5.400000,6.750000" />
      <opacity value="0.414063" />
    </transform>
    <fillColor value="#ffc0f4d9" />
    <effect id="com.alightcreative.effects.lift" locallyApplied="false">
      <property name="fill" type="float" value="0.000000" />
    </effect>
    <effect id="com.alightcreative.effects.gaussianblur" locallyApplied="true">
      <property name="strength" type="float" value="0.350000" />
    </effect>
    <property name="size" type="vec2" value="100.000000,100.000000" />
  </shape>
  <shape id="10046661" label="Layer 8" startTime="0" endTime="2015" fillType="color" mediaFillMode="stretch" s=".rect">
    <transform>
      <location value="540.000000,540.000000,0.000000" />
      <scale value="5.400000,6.750000" />
    </transform>
    <fillColor value="#ffbb4488" />
    <effect id="com.alightcreative.effects.lift" locallyApplied="false">
      <property name="fill" type="float" value="0.000000" />
    </effect>
    <effect id="com.alightcreative.effects.unsharpmask" locallyApplied="true">
      <property name="strength" type="float" value="0.250000" />
      <property name="amount" type="float" value="0.300000" />
      <property name="threshold" type="float" value="1.000000" />
      <property name="showMask" type="bool" value="false" />
    </effect>
    <property name="size" type="vec2" value="100.000000,100.000000" />
  </shape>
  <shape id="10046662" label="Layer 7" startTime="0" endTime="2015" fillType="color" blending="screen" mediaFillMode="stretch" s=".rect">
    <transform>
      <location value="720.000000,960.000000,0.000000" />
      <scale value="7.200000,9.600000" />
      <opacity value="0.148438" />
    </transform>
    <fillColor value="#ffef45de" />
    <effect id="com.alightcreative.effects.lift" locallyApplied="false">
      <property name="fill" type="float" value="0.000000" />
    </effect>
    <effect id="com.alightcreative.effects.colorhot" locallyApplied="true">
      <property name="color" type="vec3" value="0.771623,1.000000,-0.091294" />
      <property name="tint" type="vec3" value="60.000000,1.000000,-0.736224" />
    </effect>
    <property name="size" type="vec2" value="100.000000,100.000000" />
  </shape>
  <shape id="10046663" label="Layer 6" startTime="0" endTime="2015" fillType="color" mediaFillMode="stretch" s=".rect">
    <transform>
      <location value="720.000000,960.000000,0.000000" />
      <scale value="7.200000,9.600000" />
    </transform>
    <fillColor value="#ffd8ccbd" />
    <effect id="com.alightcreative.effects.lift" locallyApplied="false">
      <property name="fill" type="float" value="0.000000" />
    </effect>
    <effect id="com.alightcreative.effects.exposure" locallyApplied="true">
      <property name="exposure" type="float" value="0.020000" />
      <property name="gamma" type="float" value="0.970000" />
      <property name="offset" type="float" value="0.000000" />
    </effect>
    <property name="size" type="vec2" value="100.000000,100.000000" />
  </shape>
  <shape id="10046664" label="Layer 5" startTime="0" endTime="2015" fillType="color" blending="soft-light" mediaFillMode="stretch" s=".rect">
    <transform>
      <location value="720.000000,960.000000,0.000000" />
      <scale value="7.200000,9.600000" />
    </transform>
    <fillColor value="#ff973cdb" />
    <effect id="com.alightcreative.effects.lift" locallyApplied="false">
      <property name="fill" type="float" value="0.000000" />
    </effect>
    <effect id="com.alightcreative.effects.exposure" locallyApplied="true">
      <property name="exposure" type="float" value="0.000000" />
      <property name="gamma" type="float" value="1.000000" />
      <property name="offset" type="float" value="0.000000" />
    </effect>
    <property name="size" type="vec2" value="100.000000,100.000000" />
  </shape>
  <shape id="10046665" label="Layer 4" startTime="0" endTime="2015" fillType="color" mediaFillMode="stretch" s=".rect">
    <transform>
      <location value="540.000000,540.000000,0.000000" />
      <scale value="5.400000,5.400000" />
      <opacity value="0.640625" />
    </transform>
    <fillColor value="#ffebf4e0" />
    <effect id="com.alightcreative.effects.lift" locallyApplied="false">
      <property name="fill" type="float" value="0.000000" />
    </effect>
    <effect id="com.alightcreative.gradientoverlay2" locallyApplied="false">
      <property name="color1" type="color" value="#ffffffff" />
      <property name="color2" type="color" value="#ff888888" />
      <property name="angle" type="float" value="0.000000" />
      <property name="offset" type="vec2" value="0.000000,103.000000" />
      <property name="scale" type="float" value="0.680000" />
      <property name="alpha" type="float" value="0.671000" />
      <property name="gradType" type="int" value="0" />
      <property name="blendMode" type="int" value="1" />
    </effect>
    <effect id="com.alightcreative.effects.brightcont2" locallyApplied="false">
      <property name="brightness" type="float" value="-0.020000" />
      <property name="contrast" type="float" value="0.100000" />
    </effect>
    <property name="size" type="vec2" value="100.000000,100.000000" />
  </shape>
  <shape id="10046666" label="Layer 3" startTime="0" endTime="2015" fillType="color" blending="soft-overlay" mediaFillMode="stretch" s=".rect">
    <transform>
      <location value="540.000000,540.000000,0.000000" />
      <scale value="5.400000,5.400000" />
    </transform>
    <fillColor value="#ff5b5975" />
    <property name="size" type="vec2" value="100.000000,100.000000" />
  </shape>
  <shape id="10046667" label="Layer 2" startTime="0" endTime="2015" fillType="color" mediaFillMode="stretch" s=".rect">
    <transform>
      <location value="540.000000,540.000000,0.000000" />
      <scale value="5.400000,5.400000" />
      <opacity value="0.666016" />
    </transform>
    <fillColor value="#ffebf4e0" />
    <effect id="com.alightcreative.effects.lift" locallyApplied="false">
      <property name="fill" type="float" value="0.000000" />
    </effect>
    <effect id="com.alightcreative.effects.softglow" locallyApplied="true">
      <property name="strength" type="float" value="2.000000" />
      <property name="brightness" type="float" value="0.900000" />
      <property name="contrast" type="float" value="0.220000" />
      <property name="highlights" type="float" value="0.000000" />
      <property name="color" type="color" value="#ffffffff" />
      <property name="blend" type="float" value="0.510000" />
      <property name="alpha" type="float" value="1.000000" />
      <property name="outsideAlpha" type="float" value="0.000000" />
    </effect>
    <effect id="com.alightcreative.effects.satvib" locallyApplied="false">
      <property name="saturation" type="float" value="-0.290000" />
      <property name="vib" type="float" value="1.390000" />
    </effect>
    <property name="size" type="vec2" value="100.000000,100.000000" />
  </shape>
  <shape id="10046658" label="Layer 1" startTime="0" endTime="2015" fillType="color" mediaFillMode="stretch" s=".rect">
    <transform>
      <location value="720.000000,960.000000,0.000000" />
      <scale value="7.200000,9.600000" />
      <opacity value="0.851563" />
    </transform>
    <fillColor value="#ffef45de" />
    <effect id="com.alightcreative.effects.lift" locallyApplied="false">
      <property name="fill" type="float" value="0.000000" />
    </effect>
    <effect id="com.alightcreative.effects.channelmap" locallyApplied="true">
      <property name="red" type="int" value="0" />
      <property name="green" type="int" value="2" />
      <property name="blue" type="int" value="2" />
      <property name="alpha" type="int" value="3" />
    </effect>
    <property name="size" type="vec2" value="100.000000,100.000000" />
  </shape>
</scene>