<?xml version='1.0' encoding='UTF-8' ?><!--
Created by Alight Motion (http://alightmotion.com)
Exported: 2024-03-02 05:27 PM
5.0.249.1002172 (1002172)
eaa988d (23-yan, 2024 18:44:49)
-->
<scene title="DARKEN CC 12" width="1080" height="1080" exportWidth="1080" exportHeight="1080" precompose="dynamicResolution" bgcolor="#ff000000" totalTime="35832" fps="30" modifiedTime="1709382476085" amver="1002172" ffver="106" am="com.alightcreative.motion/5.0.249.1002172" amplatform="android" retime="freeze" retimeAdaptFPS="false">
  <media uri="content://media/external/images/media/1000071587" filename="1709363587653.jpg" title="1709363587653.jpg" type="image/jpeg" duration="0" size="448430" orientation="0" infoUpdated="1709382350415" width="0" height="0" />
  <shape id="10043515" label="lv_0_20240224011550.mp4" startTime="0" endTime="12246" fillType="media" fillImage="content://media/external/images/media/1000071587" mediaFillMode="fill" s=".rect">
    <transform>
      <location value="540.000000,540.000000,0.000000" />
      <scale value="1.023148,1.023148" />
    </transform>
    <effect id="com.alightcreative.effects.sharpen" locallyApplied="true">
      <property name="strength" type="float" value="0.150000" />
      <property name="radius" type="float" value="10.000000" />
    </effect>
    <effect id="com.alightcreative.effects.fade" locallyApplied="true">
      <property name="inTime" type="float" value="0.000000" />
      <property name="outTime" type="float" value="0.000000" />
    </effect>
    <effect id="com.alightcreative.effects.channelmap" locallyApplied="true">
      <property name="red" type="int" value="0" />
      <property name="green" type="int" value="1" />
      <property name="blue" type="int" value="1" />
      <property name="alpha" type="int" value="3" />
    </effect>
    <effect id="com.alightcreative.effects.satvib" locallyApplied="true">
      <property name="saturation" type="float" value="1.000000" />
      <property name="vib" type="float" value="1.000000" />
    </effect>
    <property name="size" type="vec2" value="540.000000,540.000000" />
  </shape>
  <shape id="10024928" label="Rectangle 4" startTime="0" endTime="25065" fillType="color" mediaFillMode="stretch" s=".rect">
    <transform>
      <location value="614.201294,594.986572,0.000000" />
      <scale value="6.084387,7.605493" />
    </transform>
    <fillColor value="#fffdc8c0" />
    <effect id="com.alightcreative.effects.lift" locallyApplied="false">
      <property name="fill" type="float" value="0.000000" />
    </effect>
    <effect id="com.alightcreative.effects.channelmap" hidden="true" locallyApplied="false">
      <property name="blue" type="int" value="4" />
      <property name="red" type="int" value="0" />
      <property name="green" type="int" value="1" />
      <property name="alpha" type="int" value="3" />
    </effect>
    <effect id="com.alightcreative.effects.highlightshadow" locallyApplied="true">
      <property name="highlights" type="float" value="1.000000" />
      <property name="shadows" type="float" value="0.200000" />
    </effect>
    <effect id="com.alightcreative.effects.vignette" locallyApplied="false">
      <property name="feather" type="float" value="0.699000" />
      <property name="roundness" type="float" value="0.260000" />
      <property name="scale" type="float" value="0.866000" />
      <property name="strength" type="float" value="0.800000" />
      <property name="tint" type="float" value="0.200000" />
      <property name="overlaycolor" type="color" value="#ff000000" />
      <property name="punchout" type="bool" value="false" />
    </effect>
    <effect id="com.alightcreative.effects.highlightshadow" locallyApplied="true">
      <property name="highlights" type="float" value="1.300000" />
      <property name="shadows" type="float" value="0.900000" />
    </effect>
    <property name="size" type="vec2" value="100.000000,100.000000" />
  </shape>
  <shape id="10025001" startTime="0" endTime="25065" fillType="color" blending="screen" mediaFillMode="stretch" s=".rect">
    <transform>
      <location value="614.201294,594.986572,0.000000" />
      <scale value="6.084387,7.605493" />
    </transform>
    <fillColor value="#ff904a9d" />
    <effect id="com.alightcreative.effects.lift" locallyApplied="false">
      <property name="fill" type="float" value="0.000000" />
    </effect>
    <effect id="com.alightcreative.effects.softglow" locallyApplied="false">
      <property name="brightness" type="float" value="0.500000" />
      <property name="contrast" type="float" value="0.250000" />
      <property name="strength" type="float" value="0.200000" />
      <property name="highlights" type="float" value="0.500000" />
      <property name="color" type="color" value="#ffff5566" />
      <property name="blend" type="float" value="0.250000" />
      <property name="alpha" type="float" value="1.000000" />
      <property name="outsideAlpha" type="float" value="0.000000" />
    </effect>
    <property name="size" type="vec2" value="100.000000,100.000000" />
  </shape>
  <shape id="10029313" label=" Copy" startTime="0" endTime="25065" fillType="color" blending="screen" mediaFillMode="stretch" s=".rect">
    <transform>
      <location value="614.201294,594.986572,0.000000" />
      <scale value="6.084387,7.605493" />
      <opacity value="0.548828" />
    </transform>
    <fillColor value="#ff904a9d" />
    <effect id="com.alightcreative.effects.lift" locallyApplied="false">
      <property name="fill" type="float" value="0.000000" />
    </effect>
    <effect id="com.alightcreative.effects.softglow" locallyApplied="false">
      <property name="brightness" type="float" value="0.500000" />
      <property name="contrast" type="float" value="0.250000" />
      <property name="strength" type="float" value="0.200000" />
      <property name="highlights" type="float" value="0.500000" />
      <property name="color" type="color" value="#ffff5566" />
      <property name="blend" type="float" value="0.250000" />
      <property name="alpha" type="float" value="1.000000" />
      <property name="outsideAlpha" type="float" value="0.000000" />
    </effect>
    <property name="size" type="vec2" value="100.000000,100.000000" />
  </shape>
  <shape id="10029219" label="Rectangle 1" startTime="0" endTime="35832" fillType="color" blending="overlay" mediaFillMode="fill" s=".rect">
    <transform>
      <location value="614.201294,594.986572,0.000000" />
      <scale value="6.084387,7.605493" />
      <opacity value="0.769531" />
    </transform>
    <fillColor value="#ffba7dbe" />
    <effect id="com.alightcreative.effects.lift" locallyApplied="true">
      <property name="fill" type="float" value="0.000000" />
    </effect>
    <effect id="com.alightcreative.effects.satvib" locallyApplied="true">
      <property name="saturation" type="float" value="0.440000" />
      <property name="vib" type="float" value="1.000000" />
    </effect>
    <effect id="com.alightcreative.effects.exposure" locallyApplied="true">
      <property name="exposure" type="float" value="0.340000" />
      <property name="gamma" type="float" value="1.000000" />
      <property name="offset" type="float" value="0.000000" />
    </effect>
    <effect id="com.alightcreative.effects.highlightshadow" locallyApplied="true">
      <property name="highlights" type="float" value="1.490000" />
      <property name="shadows" type="float" value="1.000000" />
    </effect>
    <effect id="com.alightcreative.effects.sharpen" locallyApplied="true">
      <property name="strength" type="float" value="0.120000" />
      <property name="radius" type="float" value="8.000000" />
    </effect>
    <effect id="com.alightcreative.effects.softglow" locallyApplied="true">
      <property name="strength" type="float" value="0.550000" />
      <property name="brightness" type="float" value="0.880000" />
      <property name="contrast" type="float" value="0.200000" />
      <property name="highlights" type="float" value="0.500000" />
      <property name="color" type="color" value="#ff17e1e1" />
      <property name="blend" type="float" value="1.000000" />
      <property name="alpha" type="float" value="1.000000" />
      <property name="outsideAlpha" type="float" value="0.000000" />
    </effect>
    <effect id="com.alightcreative.gradientoverlay2" locallyApplied="true">
      <property name="color1" type="color" value="#ff000000" />
      <property name="color2" type="color" value="#ff65b9b9" />
      <property name="angle" type="float" value="0.000000" />
      <property name="scale" type="float" value="1.000000" />
      <property name="alpha" type="float" value="0.750000" />
      <property name="gradType" type="int" value="0" />
      <property name="blendMode" type="int" value="1" />
    </effect>
    <property name="size" type="vec2" value="100.000000,100.000000" />
  </shape>
  <shape id="10025002" label="Rectangle 1" startTime="0" endTime="25065" fillType="color" blending="mask" mediaFillMode="fill" s=".rect">
    <transform>
      <location value="614.201294,594.986572,0.000000" />
      <scale value="6.084387,7.605493" />
    </transform>
    <fillColor value="#ff444253" />
    <effect id="com.alightcreative.effects.gaussianblur" locallyApplied="true">
      <property name="strength" type="float" value="0.245000" />
    </effect>
    <effect id="com.alightcreative.effects.sharpen" locallyApplied="true">
      <property name="strength" type="float" value="0.120000" />
      <property name="radius" type="float" value="10.000000" />
    </effect>
    <effect id="com.alightcreative.effects.fade" hidden="true" locallyApplied="true">
      <property name="inTime" type="float" value="0.000000" />
      <property name="outTime" type="float" value="0.600000" />
    </effect>
    <property name="size" type="vec2" value="100.000000,100.000000" />
  </shape>
  <shape id="10029316" label=" Copy" startTime="0" endTime="22032" fillType="color" blending="lighten" mediaFillMode="stretch" s=".roundrect">
    <transform>
      <location value="617.943298,541.553345,0.000000" />
      <scale value="6.768962,8.461204" />
      <opacity value="0.402344" />
    </transform>
    <fillColor value="#ffcd4d56" />
    <effect id="com.alightcreative.effects.lift" locallyApplied="false">
      <property name="fill" type="float" value="0.000000" />
    </effect>
    <effect id="com.alightcreative.effects.stretchsegment" locallyApplied="false">
      <property name="stretch" type="float" value="282.000000" />
      <property name="angle" type="float" value="0.000000" />
      <property name="offset" type="float" value="0.000000" />
      <property name="smooth" type="float" value="0.000000" />
    </effect>
    <effect id="com.alightcreative.effects.gaussianblur" locallyApplied="false">
      <property name="strength" type="float" value="0.190000" />
    </effect>
    <effect id="com.alightcreative.effects.flicker2" locallyApplied="false">
      <property name="freq" type="float" value="2.460000" />
      <property name="mag" type="float" value="0.400000" />
      <property name="seed" type="float" value="0.000000" />
      <property name="basis" type="int" value="0" />
    </effect>
    <property name="size" type="vec2" value="100.000000,100.000000" />
    <property name="cornerRadius" type="float" value="25.000000" />
  </shape>
</scene>