<?xml version='1.0' encoding='UTF-8' ?><!--
Created by Alight Motion (http://alightmotion.com)
Exported: 2024-03-19 11:21 AM
5.0.249.1002172 (1002172)
eaa988d (23-yan, 2024 18:44:49)
-->
<scene title="DARKEN TEXTS (v1)" width="1080" height="1080" exportWidth="1080" exportHeight="1080" precompose="dynamicResolution" bgcolor="#ff000000" totalTime="1015" fps="60" modifiedTime="1710829280295" amver="1002172" ffver="106" am="com.alightcreative.motion/5.0.249.1002172" amplatform="android" retime="freeze" retimeAdaptFPS="false">
  <text id="10029889" startTime="0" endTime="1015" fillType="color" mediaFillMode="fill" size="18.000000" font="googlefonts?name=Muli&amp;weight=900&amp;italic=1" wrapWidth="876" align="center">
    <transform>
      <location value="523.000000,780.500000,0.000000" />
    </transform>
    <effect id="com.alightcreative.effects.edgeglow" locallyApplied="true">
      <property name="smoothing" type="float" value="5.000000" />
      <property name="threshold" type="float" value="0.700000" />
      <property name="invert" type="bool" value="false" />
      <property name="strength" type="float" value="0.100000" />
      <property name="spread" type="float" value="1.500000" />
      <property name="fillColor" type="color" value="#ff0088ff" />
      <property name="blend" type="float" value="0.000000" />
      <property name="gamma" type="float" value="1.000000" />
      <property name="brightness" type="float" value="0.000000" />
      <property name="tintColor" type="color" value="#ff000000" />
      <property name="tint" type="float" value="0.000000" />
    </effect>
    <shadow direction="outside">
      <size value="10.000000" />
      <offset value="4.000000,4.000000" />
    </shadow>
    <content>YOUR TEXT</content>
  </text>
  <text id="10029894" startTime="0" endTime="1015" fillType="color" mediaFillMode="fill" size="18.000000" font="googlefonts?name=Muli&amp;weight=900&amp;italic=1" wrapWidth="876" align="center">
    <transform>
      <location value="523.000000,367.000000,0.000000" />
    </transform>
    <effect id="com.alightcreative.effects.turbulence2" locallyApplied="true">
      <property name="evolution" type="float" value="0.330000" />
      <property name="scale" type="float" value="1.280000" />
      <property name="stretch" type="vec2" value="1.000000,1.000000" />
      <property name="intensity" type="float" value="1.400000" />
      <property name="seed" type="float" value="0.270000" />
      <property name="color1" type="color" value="#ffff5a00" />
      <property name="color2" type="color" value="#ffffe200" />
      <property name="alpha" type="float" value="1.000000" />
      <property name="blendMode" type="int" value="0" />
      <property name="bias" type="float" value="0.100000" />
      <property name="octaves" type="float" value="6.000000" />
    </effect>
    <effect id="com.alightcreative.effects.edgeglow" locallyApplied="true">
      <property name="smoothing" type="float" value="5.000000" />
      <property name="threshold" type="float" value="0.700000" />
      <property name="invert" type="bool" value="false" />
      <property name="strength" type="float" value="0.100000" />
      <property name="spread" type="float" value="1.500000" />
      <property name="fillColor" type="color" value="#ff0088ff" />
      <property name="blend" type="float" value="0.000000" />
      <property name="gamma" type="float" value="1.000000" />
      <property name="brightness" type="float" value="0.000000" />
      <property name="tintColor" type="color" value="#ff000000" />
      <property name="tint" type="float" value="0.000000" />
    </effect>
    <effect id="com.alightcreative.internal.smoothbevel" locallyApplied="true">
      <property name="radius" type="float" value="14.000000" />
      <property name="angle_d" type="float" value="144.000000" />
      <property name="angle_s" type="float" value="59.000000" />
      <property name="color_d" type="color" value="#ffffffff" />
      <property name="color_s" type="color" value="#ffbebebe" />
      <property name="intensity_d" type="float" value="0.670000" />
      <property name="intensity_s" type="float" value="1.000000" />
      <property name="elevation_d" type="float" value="0.100000" />
      <property name="elevation_s" type="float" value="3.650000" />
      <property name="spec" type="float" value="44.099998" />
    </effect>
    <shadow direction="outside">
      <size value="10.000000" />
      <offset value="4.000000,4.000000" />
    </shadow>
    <content>YOUR TEXT</content>
  </text>
  <text id="10029895" label="TEXT NARUSH Copy 4" startTime="0" endTime="1015" fillType="color" mediaFillMode="fill" size="18.000000" font="googlefonts?name=Muli&amp;weight=900&amp;italic=1" wrapWidth="876" align="center">
    <transform>
      <location value="858.500000,443.000000,0.000000" />
    </transform>
    <effect id="com.alightcreative.effects.turbulence2" locallyApplied="true">
      <property name="evolution" type="float" value="0.330000" />
      <property name="scale" type="float" value="1.280000" />
      <property name="stretch" type="vec2" value="1.000000,1.000000" />
      <property name="intensity" type="float" value="1.400000" />
      <property name="seed" type="float" value="0.270000" />
      <property name="color1" type="color" value="#ff0015ff" />
      <property name="color2" type="color" value="#ffff00ff" />
      <property name="alpha" type="float" value="1.000000" />
      <property name="blendMode" type="int" value="0" />
      <property name="bias" type="float" value="0.100000" />
      <property name="octaves" type="float" value="6.000000" />
    </effect>
    <effect id="com.alightcreative.effects.edgeglow" locallyApplied="true">
      <property name="smoothing" type="float" value="5.000000" />
      <property name="threshold" type="float" value="0.700000" />
      <property name="invert" type="bool" value="false" />
      <property name="strength" type="float" value="0.100000" />
      <property name="spread" type="float" value="1.500000" />
      <property name="fillColor" type="color" value="#ff0088ff" />
      <property name="blend" type="float" value="0.000000" />
      <property name="gamma" type="float" value="1.000000" />
      <property name="brightness" type="float" value="0.000000" />
      <property name="tintColor" type="color" value="#ff000000" />
      <property name="tint" type="float" value="0.000000" />
    </effect>
    <effect id="com.alightcreative.internal.smoothbevel" locallyApplied="true">
      <property name="radius" type="float" value="14.000000" />
      <property name="angle_d" type="float" value="144.000000" />
      <property name="angle_s" type="float" value="59.000000" />
      <property name="color_d" type="color" value="#ffffffff" />
      <property name="color_s" type="color" value="#ffbebebe" />
      <property name="intensity_d" type="float" value="0.670000" />
      <property name="intensity_s" type="float" value="1.000000" />
      <property name="elevation_d" type="float" value="0.100000" />
      <property name="elevation_s" type="float" value="3.650000" />
      <property name="spec" type="float" value="44.099998" />
    </effect>
    <shadow direction="outside">
      <size value="10.000000" />
      <offset value="4.000000,4.000000" />
    </shadow>
    <content>YOUR TEXT</content>
  </text>
  <text id="10029896" label="TEXT NARUSH Copy 5" startTime="0" endTime="1015" fillType="gradient" mediaFillMode="fill" size="18.000000" font="googlefonts?name=Muli&amp;weight=900&amp;italic=1" wrapWidth="876" align="center">
    <transform>
      <location value="234.500000,446.500000,0.000000" />
    </transform>
    <gradient type="linear" startColor="#fff30000" endColor="#ffffffff" start="0.486498,0.910624" end="0.484396,0.137304" />
    <effect id="com.alightcreative.effects.edgeglow" locallyApplied="true">
      <property name="smoothing" type="float" value="5.000000" />
      <property name="threshold" type="float" value="0.700000" />
      <property name="invert" type="bool" value="false" />
      <property name="strength" type="float" value="0.100000" />
      <property name="spread" type="float" value="1.500000" />
      <property name="fillColor" type="color" value="#ff0088ff" />
      <property name="blend" type="float" value="0.000000" />
      <property name="gamma" type="float" value="1.000000" />
      <property name="brightness" type="float" value="0.000000" />
      <property name="tintColor" type="color" value="#ff000000" />
      <property name="tint" type="float" value="0.000000" />
    </effect>
    <effect id="com.alightcreative.internal.smoothbevel" locallyApplied="true">
      <property name="radius" type="float" value="14.000000" />
      <property name="angle_d" type="float" value="144.000000" />
      <property name="angle_s" type="float" value="59.000000" />
      <property name="color_d" type="color" value="#ffffffff" />
      <property name="color_s" type="color" value="#ffbebebe" />
      <property name="intensity_d" type="float" value="0.670000" />
      <property name="intensity_s" type="float" value="1.000000" />
      <property name="elevation_d" type="float" value="0.100000" />
      <property name="elevation_s" type="float" value="3.650000" />
      <property name="spec" type="float" value="44.099998" />
    </effect>
    <shadow direction="outside">
      <size value="10.000000" />
      <offset value="4.000000,4.000000" />
    </shadow>
    <content>YOUR TEXT</content>
  </text>
  <text id="10029897" label="TEXT NARUSH Copy 6" startTime="0" endTime="1015" fillType="gradient" mediaFillMode="fill" size="18.000000" font="googlefonts?name=Roboto&amp;weight=900" wrapWidth="876" align="center">
    <transform>
      <location value="234.500000,909.000000,0.000000" />
    </transform>
    <gradient type="linear" startColor="#ff3d4cf5" endColor="#ffdd44dd" start="0.486498,0.910624" end="0.484396,0.137304" />
    <effect id="com.alightcreative.effects.edgeglow" locallyApplied="true">
      <property name="smoothing" type="float" value="5.000000" />
      <property name="threshold" type="float" value="0.700000" />
      <property name="invert" type="bool" value="false" />
      <property name="strength" type="float" value="0.100000" />
      <property name="spread" type="float" value="1.500000" />
      <property name="fillColor" type="color" value="#ff0088ff" />
      <property name="blend" type="float" value="0.000000" />
      <property name="gamma" type="float" value="1.000000" />
      <property name="brightness" type="float" value="0.000000" />
      <property name="tintColor" type="color" value="#ff000000" />
      <property name="tint" type="float" value="0.000000" />
    </effect>
    <effect id="com.alightcreative.internal.smoothbevel" locallyApplied="true">
      <property name="radius" type="float" value="14.000000" />
      <property name="angle_d" type="float" value="144.000000" />
      <property name="angle_s" type="float" value="59.000000" />
      <property name="color_d" type="color" value="#ffffffff" />
      <property name="color_s" type="color" value="#ffbebebe" />
      <property name="intensity_d" type="float" value="0.670000" />
      <property name="intensity_s" type="float" value="1.000000" />
      <property name="elevation_d" type="float" value="0.100000" />
      <property name="elevation_s" type="float" value="3.650000" />
      <property name="spec" type="float" value="44.099998" />
    </effect>
    <shadow direction="outside">
      <size value="10.000000" />
      <offset value="4.000000,4.000000" />
    </shadow>
    <content>YOUR TEXT</content>
  </text>
  <text id="10029898" label="TEXT NARUSH Copy 7" startTime="0" endTime="1015" fillType="gradient" mediaFillMode="fill" size="18.000000" font="googlefonts?name=Roboto&amp;weight=900" wrapWidth="876" align="center">
    <transform>
      <location value="758.000000,909.000000,0.000000" />
    </transform>
    <gradient type="linear" startColor="#ffffffff" endColor="#ff0015ff" start="0.486498,0.910624" end="0.496870,-0.270083" />
    <effect id="com.alightcreative.effects.edgeglow" locallyApplied="true">
      <property name="smoothing" type="float" value="5.000000" />
      <property name="threshold" type="float" value="0.700000" />
      <property name="invert" type="bool" value="false" />
      <property name="strength" type="float" value="0.100000" />
      <property name="spread" type="float" value="1.500000" />
      <property name="fillColor" type="color" value="#ff0088ff" />
      <property name="blend" type="float" value="0.000000" />
      <property name="gamma" type="float" value="1.000000" />
      <property name="brightness" type="float" value="0.000000" />
      <property name="tintColor" type="color" value="#ff000000" />
      <property name="tint" type="float" value="0.000000" />
    </effect>
    <effect id="com.alightcreative.internal.smoothbevel" locallyApplied="true">
      <property name="radius" type="float" value="14.000000" />
      <property name="angle_d" type="float" value="144.000000" />
      <property name="angle_s" type="float" value="59.000000" />
      <property name="color_d" type="color" value="#ffffffff" />
      <property name="color_s" type="color" value="#ffbebebe" />
      <property name="intensity_d" type="float" value="0.670000" />
      <property name="intensity_s" type="float" value="1.000000" />
      <property name="elevation_d" type="float" value="0.100000" />
      <property name="elevation_s" type="float" value="3.650000" />
      <property name="spec" type="float" value="44.099998" />
    </effect>
    <shadow direction="outside">
      <size value="10.000000" />
      <offset value="4.000000,4.000000" />
    </shadow>
    <content>YOUR TEXT</content>
  </text>
</scene>