<?xml version='1.0' encoding='UTF-8' ?><!--
Created by Alight Motion (http://alightmotion.com)
Exported: 2024-03-19 10:57 AM
5.0.249.1002172 (1002172)
eaa988d (23-yan, 2024 18:44:49)
-->
<scene title="DARKEN GLITCH TEXT 1" width="1080" height="1080" exportWidth="1080" exportHeight="1080" precompose="dynamicResolution" bgcolor="#ff000000" totalTime="2698" fps="60" modifiedTime="1710827820722" amver="1002172" ffver="106" am="com.alightcreative.motion/5.0.249.1002172" amplatform="android" retime="freeze" retimeAdaptFPS="false">
  <text id="6360496" startTime="683" endTime="2698" fillType="color" mediaFillMode="stretch" size="24.000000" font="googlefonts?name=Roboto&amp;weight=900" wrapWidth="592" align="center">
    <transform>
      <location value="540.000000,540.000000,0.000000" />
      <scale>
        <kf t="0.003970" v="1.041016,1.041016" />
        <kf t="0.996526" v="0.865234,0.865234" e="cubicBezier 0.0 0.25 0.847337 1.0" />
      </scale>
      <opacity>
        <kf t="0.467494" v="1.000000" />
        <kf t="0.996526" v="0.000000" />
      </opacity>
    </transform>
    <effect id="com.alightcreative.effects.softglow" locallyApplied="false">
      <property name="strength" type="float" value="1.500000" />
      <property name="brightness" type="float" value="2.000000" />
      <property name="contrast" type="float" value="1.000000" />
      <property name="highlights" type="float" value="1.000000" />
      <property name="color" type="color" value="#ffffffff" />
      <property name="blend" type="float" value="1.000000" />
      <property name="alpha" type="float" value="1.000000" />
      <property name="outsideAlpha" type="float" value="1.000000" />
    </effect>
    <content>DARKEN</content>
  </text>
  <shape id="6360498" label="Rectangle 1" startTime="800" endTime="883" fillType="color" mediaFillMode="stretch" s=".rect">
    <transform>
      <location value="540.000000,540.000000,0.000000" />
      <scale value="0.995315,0.995315" />
    </transform>
    <fillColor value="#ff3e80aa" />
    <effect id="com.alightcreative.effects.lift" locallyApplied="false">
      <property name="fill" type="float" value="0.000000" />
    </effect>
    <effect id="com.alightcreative.effects.findedges" locallyApplied="false">
      <property name="smoothing" type="float" value="2.650000" />
      <property name="threshold" type="float" value="0.297000" />
      <property name="invert" type="bool" value="true" />
    </effect>
    <effect id="com.alightcreative.effects.halftonedots" locallyApplied="false">
      <property name="amount" type="float" value="217.000000" />
      <property name="strength" type="float" value="0.307000" />
      <property name="angle" type="float" value="0.000000" />
      <property name="phase" type="float" value="0.500000" />
      <property name="color1" type="color" value="#ff113355" />
      <property name="color2" type="color" value="#ffffeedd" />
    </effect>
    <effect id="com.alightcreative.effects.exposure" locallyApplied="false">
      <property name="exposure" type="float" value="2.000000" />
      <property name="gamma" type="float" value="0.230000" />
      <property name="offset" type="float" value="0.000000" />
    </effect>
    <property name="size" type="vec2" value="542.542053,542.542053" />
  </shape>
  <shape id="6360504" label="Rectangle 3" startTime="883" endTime="966" fillType="color" mediaFillMode="stretch" s=".rect">
    <transform>
      <location value="540.000000,540.000000,0.000000" />
      <scale value="5.400000,5.400000" />
    </transform>
    <fillColor value="#ff508d38" />
    <effect id="com.alightcreative.effects.lift" locallyApplied="false">
      <property name="fill" type="float" value="0.000000" />
    </effect>
    <effect id="com.alightcreative.effects.halftonedots" locallyApplied="false">
      <property name="amount" type="float" value="217.000000" />
      <property name="strength" type="float" value="0.307000" />
      <property name="angle" type="float" value="0.000000" />
      <property name="phase" type="float" value="1.840000" />
      <property name="color1" type="color" value="#ff113355" />
      <property name="color2" type="color" value="#ffffeedd" />
    </effect>
    <effect id="com.alightcreative.effects.exposure" locallyApplied="false">
      <property name="exposure" type="float" value="2.000000" />
      <property name="gamma" type="float" value="0.230000" />
      <property name="offset" type="float" value="0.000000" />
    </effect>
    <effect id="com.alightcreative.effects.stretchsegment" locallyApplied="false">
      <property name="angle" type="float" value="0.000000" />
      <property name="stretch" type="float" value="45.000000" />
      <property name="offset" type="float" value="0.000000" />
      <property name="smooth" type="float" value="1.000000" />
    </effect>
    <property name="size" type="vec2" value="100.000000,100.000000" />
  </shape>
  <shape id="6360505" label="Rectangle 3 Copy" startTime="933" endTime="983" fillType="color" mediaFillMode="stretch" s=".rect">
    <transform>
      <location value="540.000000,540.000000,0.000000" />
      <scale value="5.400000,5.400000" />
    </transform>
    <fillColor value="#ff508d38" />
    <effect id="com.alightcreative.effects.lift" locallyApplied="false">
      <property name="fill" type="float" value="0.000000" />
    </effect>
    <effect id="com.alightcreative.effects.pixelate2" locallyApplied="false">
      <property name="size" type="float" value="31.000000" />
      <property name="stretch" type="vec2" value="1.000000,1.000000" />
      <property name="angle" type="float" value="0.000000" />
      <property name="vignette" type="float" value="0.000000" />
      <property name="screenSpace" type="bool" value="false" />
      <property name="threshold" type="float" value="0.000000" />
      <property name="saturation" type="float" value="0.000000" />
    </effect>
    <property name="size" type="vec2" value="100.000000,100.000000" />
  </shape>
  <shape id="6360497" label="Rectangle 1" startTime="683" endTime="998" fillType="color" mediaFillMode="stretch" s=".rect">
    <transform>
      <location value="540.000000,540.000000,0.000000" />
      <scale value="5.400000,5.400000" />
      <opacity>
        <kf t="0.000000" v="1.000000" />
        <kf t="1.000000" v="0.000000" e="cubicBezier 0.25 0.25 0.53512394 1.0" />
      </opacity>
    </transform>
    <property name="size" type="vec2" value="100.000000,100.000000" />
  </shape>
  <shape id="6360506" label="Rectangle 3" startTime="983" endTime="1000" fillType="color" mediaFillMode="stretch" s=".rect">
    <transform>
      <location value="540.000000,540.000000,0.000000" />
      <scale value="0.952060,0.952060" />
    </transform>
    <fillColor value="#fffb58f8" />
    <effect id="com.alightcreative.effects.lift" locallyApplied="false">
      <property name="fill" type="float" value="0.000000" />
    </effect>
    <effect id="com.alightcreative.gradientmap" locallyApplied="false">
      <property name="color1" type="color" value="#fffff0d7" />
      <property name="color2" type="color" value="#ff4c1115" />
    </effect>
    <effect id="com.alightcreative.effects.fractalwarp4" locallyApplied="false">
      <property name="offs" type="vec2" value="-119.000000,0.000000" />
      <property name="mag" type="float" value="0.310000" />
      <property name="scale" type="float" value="1.000000" />
      <property name="intensity" type="float" value="0.500000" />
      <property name="screenSpace" type="bool" value="false" />
      <property name="octaves" type="float" value="6.000000" />
    </effect>
    <property name="size" type="vec2" value="567.191040,567.191040" />
  </shape>
  <shape id="6360520" label="Rectangle 1" startTime="1066" endTime="1150" fillType="color" mediaFillMode="stretch" s=".rect">
    <transform>
      <location value="540.000000,540.000000,0.000000" />
      <scale value="0.995315,0.995315" />
    </transform>
    <fillColor value="#ff3e80aa" />
    <effect id="com.alightcreative.effects.lift" locallyApplied="false">
      <property name="fill" type="float" value="0.000000" />
    </effect>
    <effect id="com.alightcreative.effects.findedges" locallyApplied="false">
      <property name="smoothing" type="float" value="2.650000" />
      <property name="threshold" type="float" value="0.297000" />
      <property name="invert" type="bool" value="true" />
    </effect>
    <effect id="com.alightcreative.effects.halftonedots" locallyApplied="false">
      <property name="amount" type="float" value="217.000000" />
      <property name="strength" type="float" value="0.307000" />
      <property name="angle" type="float" value="0.000000" />
      <property name="phase" type="float" value="1.840000" />
      <property name="color1" type="color" value="#ff113355" />
      <property name="color2" type="color" value="#ffffeedd" />
    </effect>
    <effect id="com.alightcreative.effects.exposure" locallyApplied="false">
      <property name="exposure" type="float" value="2.000000" />
      <property name="gamma" type="float" value="0.230000" />
      <property name="offset" type="float" value="0.000000" />
    </effect>
    <property name="size" type="vec2" value="542.542053,542.542053" />
  </shape>
  <shape id="6360519" startTime="1116" endTime="1198" fillType="color" blending="screen" mediaFillMode="stretch" s=".rect">
    <transform>
      <location value="540.000000,540.000000,0.000000" />
      <scale value="5.400000,5.400000" />
    </transform>
    <fillColor value="#ffc989c6" />
    <effect id="com.alightcreative.effects.lift" locallyApplied="false">
      <property name="fill" type="float" value="0.000000" />
    </effect>
    <effect id="com.alightcreative.effects.stripes" locallyApplied="false">
      <property name="amount" type="float" value="12.500000" />
      <property name="width" type="float" value="0.050000" />
      <property name="angle" type="float" value="90.000000" />
      <property name="phase" type="float" value="0.000000" />
      <property name="color" type="color" value="#ff000000" />
      <property name="punchout" type="bool" value="false" />
      <property name="smoothing" type="float" value="0.000000" />
      <property name="screenSpace" type="bool" value="false" />
    </effect>
    <property name="size" type="vec2" value="100.000000,100.000000" />
  </shape>
  <shape id="6360518" startTime="1200" endTime="1266" fillType="color" blending="diff" mediaFillMode="stretch" s=".rect">
    <transform>
      <location value="540.000000,540.000000,0.000000" />
      <scale value="5.400000,5.400000" />
    </transform>
    <property name="size" type="vec2" value="100.000000,100.000000" />
  </shape>
  <shape id="6360521" label="Rectangle 3" startTime="1233" endTime="1316" fillType="color" mediaFillMode="stretch" s=".rect">
    <transform>
      <location value="540.000000,540.000000,0.000000" />
      <scale value="5.400000,5.400000" />
    </transform>
    <fillColor value="#ff508d38" />
    <effect id="com.alightcreative.effects.lift" locallyApplied="false">
      <property name="fill" type="float" value="0.000000" />
    </effect>
    <effect id="com.alightcreative.effects.halftonedots" locallyApplied="false">
      <property name="amount" type="float" value="217.000000" />
      <property name="strength" type="float" value="0.307000" />
      <property name="angle" type="float" value="0.000000" />
      <property name="phase" type="float" value="1.840000" />
      <property name="color1" type="color" value="#ff113355" />
      <property name="color2" type="color" value="#ffffeedd" />
    </effect>
    <effect id="com.alightcreative.effects.exposure" locallyApplied="false">
      <property name="exposure" type="float" value="2.000000" />
      <property name="gamma" type="float" value="0.230000" />
      <property name="offset" type="float" value="0.000000" />
    </effect>
    <effect id="com.alightcreative.effects.stretchsegment" locallyApplied="false">
      <property name="angle" type="float" value="90.000000" />
      <property name="stretch" type="float" value="45.000000" />
      <property name="offset" type="float" value="0.000000" />
      <property name="smooth" type="float" value="1.000000" />
    </effect>
    <property name="size" type="vec2" value="100.000000,100.000000" />
  </shape>
  <shape id="6360522" label="Rectangle 3 Copy" startTime="1300" endTime="1350" fillType="color" mediaFillMode="stretch" s=".rect">
    <transform>
      <location value="540.000000,540.000000,0.000000" />
      <scale value="5.400000,5.400000" />
    </transform>
    <fillColor value="#ff508d38" />
    <effect id="com.alightcreative.effects.lift" locallyApplied="false">
      <property name="fill" type="float" value="0.000000" />
    </effect>
    <effect id="com.alightcreative.effects.pixelate2" locallyApplied="false">
      <property name="size" type="float" value="31.000000" />
      <property name="stretch" type="vec2" value="1.000000,1.000000" />
      <property name="angle" type="float" value="0.000000" />
      <property name="vignette" type="float" value="0.000000" />
      <property name="screenSpace" type="bool" value="false" />
      <property name="threshold" type="float" value="0.000000" />
      <property name="saturation" type="float" value="0.000000" />
    </effect>
    <property name="size" type="vec2" value="100.000000,100.000000" />
  </shape>
</scene>