<?xml version='1.0' encoding='UTF-8' ?><!--
Created by Alight Motion (http://alightmotion.com)
Exported: 2024-03-02 05:19 PM
5.0.249.1002172 (1002172)
eaa988d (23-yan, 2024 18:44:49)
-->
<scene title="DARKEN CC 3" width="1080" height="1080" exportWidth="1080" exportHeight="1080" precompose="dynamicResolution" bgcolor="#ffd8d8d8" totalTime="2015" fps="60" modifiedTime="1709381960086" amver="1002172" ffver="106" am="com.alightcreative.motion/5.0.249.1002172" amplatform="android" retime="freeze" retimeAdaptFPS="false">
  <media uri="content://media/external/images/media/1000071587" filename="1709363587653.jpg" title="1709363587653.jpg" type="image/jpeg" duration="0" size="448430" orientation="0" infoUpdated="1709381877751" width="3120" height="1752" />
  <shape id="10043523" label="1709363587653.jpg" startTime="0" endTime="2015" fillType="media" fillImage="content://media/external/images/media/1000071587" mediaFillMode="fill" s=".rect">
    <transform>
      <location value="540.000000,540.000000,0.000000" />
      <scale value="1.820370,1.820370" />
    </transform>
    <property name="size" type="vec2" value="540.000000,303.000000" />
  </shape>
  <shape id="10043524" startTime="0" endTime="499" fillType="color" blending="overlay" speed="0.001000" mediaFillMode="stretch" s=".rect">
    <transform>
      <location value="33.720795,531.888611,0.000000" />
      <scale value="5.479948,5.479948" />
      <opacity value="0.562698" />
    </transform>
    <fillColor value="#ff000000" />
    <effect id="com.alightcreative.effects.lift" locallyApplied="false">
      <property name="fill" type="float" value="0.000000" />
    </effect>
    <effect id="com.alightcreative.effects.brightcont2" hidden="true" locallyApplied="false">
      <property name="brightness" type="float" value="0.080000" />
      <property name="contrast" type="float" value="-0.180000" />
    </effect>
    <effect id="com.alightcreative.effects.satvib" locallyApplied="false">
      <property name="saturation" type="float" value="-0.380000" />
      <property name="vib" type="float" value="1.870000" />
    </effect>
    <effect id="com.alightcreative.gradientoverlay2" locallyApplied="false">
      <property name="blendMode" type="int" value="1" />
      <property name="color1" type="color" value="#ff444444" />
      <property name="color2" type="color" value="#ff000000" />
      <property name="offset" type="vec2" value="-261.000000,-13.000000" />
      <property name="angle" type="float" value="0.000000" />
      <property name="scale" type="float" value="1.000000" />
      <property name="alpha" type="float" value="0.750000" />
      <property name="gradType" type="int" value="0" />
    </effect>
    <effect id="com.alightcreative.effects.exposure" locallyApplied="false">
      <property name="exposure" type="float" value="0.600000" />
      <property name="gamma" type="float" value="1.000000" />
      <property name="offset" type="float" value="0.000000" />
    </effect>
    <property name="size" type="vec2" value="100.000000,100.000000" />
  </shape>
  <shape id="10043525" startTime="0" endTime="499" fillType="color" blending="linear-dodge" speed="0.001000" mediaFillMode="stretch" s=".rect">
    <transform>
      <location value="33.720795,531.888611,0.000000" />
      <scale value="5.479948,5.479948" />
    </transform>
    <fillColor value="#ff000000" />
    <property name="size" type="vec2" value="100.000000,100.000000" />
  </shape>
  <shape id="10043526" startTime="0" endTime="499" fillType="gradient" blending="overlay" speed="0.001000" mediaFillMode="stretch" s=".rect">
    <transform>
      <location value="33.720795,531.888611,0.000000" />
      <scale value="5.479948,5.479948" />
      <opacity value="0.798828" />
    </transform>
    <fillColor value="#ff91c8ce" />
    <gradient type="linear" startColor="#ffffffff" endColor="#ff000000" start="0.450920,-0.048057" end="0.477505,1.452965" />
    <property name="size" type="vec2" value="100.000000,100.000000" />
  </shape>
  <shape id="10043527" startTime="0" endTime="499" fillType="color" blending="screen" speed="0.001000" mediaFillMode="stretch" s=".rect">
    <transform>
      <location value="33.720795,531.888611,0.000000" />
      <scale value="5.479948,5.479948" />
    </transform>
    <fillColor value="#ff50f037" />
    <effect id="com.alightcreative.effects.lift" locallyApplied="false">
      <property name="fill" type="float" value="0.000000" />
    </effect>
    <effect id="com.alightcreative.effects.flicker2" locallyApplied="false">
      <property name="freq" type="float" value="10.000000" />
      <property name="mag" type="float" value="0.660000" />
      <property name="seed" type="float" value="0.000000" />
      <property name="basis" type="int" value="0" />
    </effect>
    <property name="size" type="vec2" value="100.000000,100.000000" />
  </shape>
  <shape id="10043528" startTime="0" endTime="499" fillType="color" blending="soft-light" speed="0.001000" mediaFillMode="stretch" s=".rect">
    <transform>
      <location value="33.720795,531.888611,0.000000" />
      <scale value="1.266830,0.712871" />
    </transform>
    <fillColor value="#ff17e1e1" />
    <effect id="com.alightcreative.effects.lift" locallyApplied="false">
      <property name="fill" type="float" value="0.000000" />
    </effect>
    <effect id="com.alightcreative.effects.exposure" locallyApplied="false">
      <property name="exposure" type="float" value="0.480000" />
      <property name="gamma" type="float" value="0.835000" />
      <property name="offset" type="float" value="-0.080000" />
    </effect>
    <effect id="com.alightcreative.effects.wipe2" hidden="true" locallyApplied="false">
      <property name="angle" type="float" value="135.000000" />
      <property name="end" type="float" value="0.500000" />
      <property name="start" type="float" value="-0.263000" />
      <property name="feather" type="float" value="0.000000" />
    </effect>
    <effect id="com.alightcreative.effects.satvib" locallyApplied="false">
      <property name="saturation" type="float" value="0.030000" />
      <property name="vib" type="float" value="1.210000" />
    </effect>
    <effect id="com.alightcreative.effects.brightcont2" locallyApplied="false">
      <property name="brightness" type="float" value="-0.420000" />
      <property name="contrast" type="float" value="0.120000" />
    </effect>
    <effect id="com.alightcreative.fourcolorgradient" locallyApplied="false">
      <property name="color1" type="color" value="#ff444444" />
      <property name="color2" type="color" value="#ffbebebe" />
      <property name="color3" type="color" value="#ff888888" />
      <property name="color4" type="color" value="#ff000000" />
      <property name="offset1" type="vec2" value="0.000000,-500.000000" />
      <property name="offset2" type="vec2" value="500.000000,-500.000000" />
      <property name="offset3" type="vec2" value="500.000000,0.000000" />
      <property name="blend" type="float" value="1.000000" />
      <property name="alpha" type="float" value="0.750000" />
      <property name="blendMode" type="int" value="0" />
    </effect>
    <property name="size" type="vec2" value="432.572113,768.715942" />
  </shape>
  <shape id="10043529" startTime="0" endTime="499" fillType="color" speed="0.001000" mediaFillMode="stretch" s=".rect">
    <transform>
      <location value="22.791626,564.539490,0.000000" />
      <scale value="5.479948,5.479950" />
    </transform>
    <fillColor value="#ffd78578" />
    <effect id="com.alightcreative.effects.lift" locallyApplied="false">
      <property name="fill" type="float" value="0.000000" />
    </effect>
    <effect id="com.alightcreative.effects.rgbsep" hidden="true" locallyApplied="false">
      <property name="strength" type="float" value="0.020000" />
      <property name="angle" type="float" value="0.000000" />
      <property name="centerChannel" type="int" value="1" />
      <property name="mode" type="int" value="2" />
    </effect>
    <effect id="com.alightcreative.effects.satvib" locallyApplied="false">
      <property name="saturation" type="float" value="-0.300000" />
      <property name="vib" type="float" value="1.230000" />
    </effect>
    <effect id="com.alightcreative.effects.lensblur2" locallyApplied="false">
      <property name="strength" type="float" value="0.030000" />
      <property name="radius" type="float" value="0.150000" />
    </effect>
    <effect id="com.alightcreative.effects.spinblur2" locallyApplied="false">
      <property name="angle" type="float" value="0.700000" />
    </effect>
    <property name="size" type="vec2" value="100.000000,100.000000" />
  </shape>
</scene>