<?xml version='1.0' encoding='UTF-8' ?><!--
Created by Alight Motion (http://alightmotion.com)
Exported: 2024-03-02 05:20 PM
5.0.249.1002172 (1002172)
eaa988d (23-yan, 2024 18:44:49)
-->
<scene title="DARKEN CC 5" width="1080" height="1080" exportWidth="1080" exportHeight="1080" precompose="dynamicResolution" bgcolor="#ffd8d8d8" totalTime="549" fps="60" modifiedTime="1709382029518" amver="1002172" ffver="106" am="com.alightcreative.motion/5.0.249.1002172" amplatform="android" retime="freeze" retimeAdaptFPS="false">
  <shape id="10043530" startTime="0" endTime="549" fillType="color" mediaFillMode="stretch" s=".rect">
    <transform>
      <location value="32.494568,527.855957,0.000000" />
      <scale value="5.549282,5.549282" />
    </transform>
    <fillColor value="#fffdc8c0" />
    <effect id="com.alightcreative.effects.lift" locallyApplied="false">
      <property name="fill" type="float" value="0.000000" />
    </effect>
    <effect id="com.alightcreative.effects.channelmap" locallyApplied="false">
      <property name="blue" type="int" value="4" />
      <property name="red" type="int" value="0" />
      <property name="green" type="int" value="1" />
      <property name="alpha" type="int" value="3" />
    </effect>
    <effect id="com.alightcreative.effects.highlightshadow" locallyApplied="false">
      <property name="highlights" type="float" value="2.000000" />
      <property name="shadows" type="float" value="0.630000" />
    </effect>
    <effect id="com.alightcreative.effects.vignette" locallyApplied="false">
      <property name="feather" type="float" value="0.699000" />
      <property name="roundness" type="float" value="0.260000" />
      <property name="scale" type="float" value="1.390000" />
      <property name="strength" type="float" value="0.800000" />
      <property name="tint" type="float" value="0.200000" />
      <property name="overlaycolor" type="color" value="#ff000000" />
      <property name="punchout" type="bool" value="false" />
    </effect>
    <property name="size" type="vec2" value="100.000000,100.000000" />
  </shape>
  <shape id="10043531" startTime="0" endTime="549" fillType="color" mediaFillMode="stretch" s=".rect">
    <transform>
      <location value="27.134277,520.657715,0.000000" />
      <scale value="5.386711,5.386711" />
    </transform>
    <fillColor value="#ffbb9df8" />
    <effect id="com.alightcreative.effects.lift" locallyApplied="false">
      <property name="fill" type="float" value="0.000000" />
    </effect>
    <effect id="com.alightcreative.effects.sharpen" locallyApplied="false">
      <property name="radius" type="float" value="10.000000" />
      <property name="strength" type="float" value="0.060000" />
    </effect>
    <property name="size" type="vec2" value="100.000000,100.000000" />
  </shape>
  <shape id="10043532" startTime="0" endTime="549" fillType="color" blending="screen" mediaFillMode="stretch" s=".rect">
    <transform>
      <location value="26.880188,521.633179,0.000000" />
      <scale value="5.388276,5.388276" />
      <opacity value="0.599609" />
    </transform>
    <fillColor value="#ffdf3d79" />
    <effect id="com.alightcreative.effects.lift" locallyApplied="false">
      <property name="fill" type="float" value="0.000000" />
    </effect>
    <effect id="com.alightcreative.effects.threshold" locallyApplied="false">
      <property name="threshold" type="float" value="0.650000" />
      <property name="feather" type="float" value="0.000000" />
      <property name="invert" type="bool" value="false" />
      <property name="blendMode" type="int" value="0" />
    </effect>
    <effect id="com.alightcreative.effects.gaussianblur" locallyApplied="false">
      <property name="strength" type="float" value="0.500000" />
    </effect>
    <property name="size" type="vec2" value="100.000000,100.000000" />
  </shape>
  <shape id="10043533" startTime="0" endTime="549" fillType="color" mediaFillMode="stretch" s=".rect">
    <transform>
      <location value="27.708862,523.140686,0.000000" />
      <scale value="5.430886,5.430886" />
      <opacity value="0.099609" />
    </transform>
    <fillColor value="#ff000000" />
    <effect id="com.alightcreative.effects.pulseopacity2" locallyApplied="false">
      <property name="freq" type="float" value="5.000000" />
      <property name="strength" type="float" value="1.000000" />
      <property name="phase" type="float" value="0.000000" />
      <property name="type" type="int" value="0" />
    </effect>
    <property name="size" type="vec2" value="100.000000,100.000000" />
  </shape>
  <shape id="10043534" startTime="0" endTime="549" fillType="color" blending="hue" mediaFillMode="stretch" s=".rect">
    <transform>
      <location value="23.278992,516.925171,0.000000" />
      <scale value="5.316873,5.316873" />
      <opacity value="0.714844" />
    </transform>
    <fillColor value="#ffff4444" />
    <property name="size" type="vec2" value="100.000000,100.000000" />
  </shape>
</scene>