<?xml version='1.0' encoding='UTF-8' ?><!--
Created by Alight Motion (http://alightmotion.com)
Exported: 2024-03-27 10:02 AM
5.0.249.1002172 (1002172)
eaa988d (23-yan, 2024 18:44:49)
-->
<scene title="DARKEN AMP FOR SHAKE (v1)" width="1080" height="1080" exportWidth="1080" exportHeight="1080" precompose="dynamicResolution" bgcolor="#ff000000" totalTime="2032" fps="60" modifiedTime="1711515767889" amver="1002172" ffver="106" am="com.alightcreative.motion/5.0.249.1002172" amplatform="android" retime="freeze" retimeAdaptFPS="false">
  <media uri="content://media/external/images/media/1000075040" type="image/jpeg" duration="0" orientation="0" infoUpdated="1711513607731" width="0" height="0" />
  <shape id="10046668" label="IMG_20240325_214318_884.jpg" startTime="0" endTime="1015" fillType="media" fillImage="content://media/external/images/media/1000075040" mediaFillMode="fill" s=".rect">
    <transform>
      <location value="540.000000,540.000000,0.000000" />
    </transform>
    <effect id="com.alightcreative.effects.tile" locallyApplied="false">
      <property name="mirror" type="bool" value="true" />
      <property name="scale" type="float">
        <kf t="0.000000" v="1.005000" />
        <kf t="1.000000" v="1.075000" e="cubicBezier 0.0 1.0 1.0 1.0" />
      </property>
      <property name="phase" type="float" value="0.000000" />
      <property name="vertoffs" type="bool" value="false" />
      <property name="angle" type="float" value="0.000000" />
    </effect>
    <effect id="com.alightcreative.effects.exposure" locallyApplied="false">
      <property name="exposure" type="float">
        <kf t="0.003937" v="0.500000" />
        <kf t="0.500501" v="0.000000" e="cubicBezier 0.0 0.0 0.0 1.0" />
      </property>
      <property name="gamma" type="float" value="1.000000" />
      <property name="offset" type="float" value="0.000000" />
    </effect>
    <effect id="com.alightcreative.effects.oscillate3" locallyApplied="false">
      <property name="angle" type="float">
        <kf t="0.000000" v="60.600002" />
        <kf t="1.000000" v="233.800003" e="cubicBezier 0.0 0.0 1.0 1.0" />
      </property>
      <property name="freq" type="float">
        <kf t="0.633267" v="2.750000" />
        <kf t="0.300601" v="3.310000" e="cubicBezier 0.0 0.0 1.0 1.0" />
        <kf t="0.000000" v="4.810000" />
        <kf t="1.000000" v="5.020000" e="cubicBezier 0.0 1.0 0.17812502 1.0" />
      </property>
      <property name="mag" type="float">
        <kf t="0.000000" v="270.000000" />
        <kf t="0.633267" v="7.000000" />
        <kf t="1.003000" v="270.000000" e="cubicBezier 1.0 0.0 1.0 0.26240808" />
        <kf t="0.304800" v="6.000000" e="cubicBezier 0.0 1.0 0.8576172 1.0" />
      </property>
      <property name="direction" type="int" value="0" />
      <property name="type" type="int" value="0" />
      <property name="phase" type="float" value="0.000000" />
    </effect>
    <effect id="com.alightcreative.effects.swing2" locallyApplied="false">
      <property name="a1" type="float">
        <kf t="0.000000" v="-5.800000" />
        <kf t="1.000000" v="0.000000" e="cubicBezier 0.0 1.0 0.55253905 1.0" />
      </property>
      <property name="a2" type="float">
        <kf t="0.000000" v="5.800000" />
        <kf t="1.000000" v="0.000000" e="cubicBezier 0.0 1.0 0.5619141 1.0" />
      </property>
      <property name="freq" type="float" value="5.200000" />
      <property name="phase" type="float" value="0.000000" />
      <property name="type" type="int" value="0" />
    </effect>
    <effect id="com.alightcreative.effects.oscillate3" locallyApplied="false">
      <property name="angle" type="float" value="90.000000" />
      <property name="freq" type="float">
        <kf t="0.015598" v="6.000000" />
        <kf t="1.016754" v="2.000000" e="cubicBezier 0.0 0.48863637 0.0 1.0" />
      </property>
      <property name="mag" type="float">
        <kf t="0.015598" v="230.000000" />
        <kf t="0.551351" v="0.000000" e="cubicBezier 0.0 1.0 0.03994641 1.0" />
      </property>
      <property name="direction" type="int" value="0" />
      <property name="type" type="int" value="0" />
      <property name="phase" type="float" value="0.000000" />
    </effect>
    <effect id="com.alightcreative.effects.randomdisplace" locallyApplied="false">
      <property name="evolution" type="float">
        <kf t="0.033333" v="0.000000" e="cubicBezier 0.0 1.0 0.19974788 0.9227273" />
        <kf t="1.033333" v="2.500000" e="cubicBezier 0.0 0.4090909 0.0 1.0" />
      </property>
      <property name="mag" type="float">
        <kf t="1.008325" v="0.000000" e="cubicBezier 0.0 1.0 0.07999998 1.0" />
        <kf t="0.010811" v="300.000000" />
      </property>
      <property name="scatter" type="float" value="2.000000" />
      <property name="seed" type="float">
        <kf t="0.007354" v="0.030000" />
        <kf t="1.008325" v="0.000000" e="cubicBezier 0.17857143 0.59090906 0.2690756 0.8" />
      </property>
    </effect>
    <effect id="com.alightcreative.effects.shake" locallyApplied="false">
      <property name="angle" type="float" value="90.000000" />
      <property name="evolution" type="float">
        <kf t="0.012795" v="10.000000" />
        <kf t="1.009000" v="0.000000" e="cubicBezier 0.0 0.0 0.58 1.0" />
      </property>
      <property name="mag" type="float">
        <kf t="1.010811" v="0.000000" e="cubicBezier 0.0 0.0 1.0 1.0" />
        <kf t="0.001923" v="15.000000" />
      </property>
      <property name="seed" type="float">
        <kf t="0.000000" v="0.100000" />
        <kf t="1.010811" v="0.000000" />
        <kf t="0.983984" v="0.000128" e="cubicBezier 0.0 0.0 0.0 1.0" />
      </property>
      <property name="slack" type="float" value="1.000000" />
      <property name="speed" type="float">
        <kf t="1.022143" v="3.000000" e="cubicBezier 0.0 0.0 0.0 1.0" />
        <kf t="0.022500" v="7.500000" />
      </property>
    </effect>
    <effect id="com.alightcreative.effects.motionblur4" locallyApplied="true">
      <property name="tune" type="float" value="1.000000" />
      <property name="usePos" type="bool" value="true" />
      <property name="useScale" type="bool" value="true" />
      <property name="useAngle" type="bool" value="true" />
    </effect>
    <property name="size" type="vec2" value="539.000000,540.000000" />
  </shape>
  <text id="10046670" startTime="0" endTime="1032" fillType="color" mediaFillMode="fill" size="18.000000" font="googlefonts?name=Roboto&amp;weight=900" wrapWidth="235" align="left">
    <transform>
      <location value="540.000000,540.000000,0.000000" />
    </transform>
    <content>SHAKE 1</content>
  </text>
  <shape id="10046669" label="Green cc By Narushitel.636 [28B7672].png" startTime="1016" endTime="2032" fillType="media" fillImage="content://media/external/images/media/1000075040" mediaFillMode="fill" s=".rect">
    <transform>
      <location value="540.000000,540.000000,0.000000" />
    </transform>
    <effect id="com.alightcreative.effects.tile" locallyApplied="false">
      <property name="mirror" type="bool" value="true" />
      <property name="scale" type="float">
        <kf t="0.000000" v="1.005000" />
        <kf t="1.000000" v="1.075000" e="cubicBezier 0.0 1.0 1.0 1.0" />
      </property>
      <property name="phase" type="float" value="0.000000" />
      <property name="vertoffs" type="bool" value="false" />
      <property name="angle" type="float" value="0.000000" />
    </effect>
    <effect id="com.alightcreative.effects.exposure" locallyApplied="false">
      <property name="exposure" type="float">
        <kf t="0.003937" v="0.500000" />
        <kf t="0.500501" v="0.000000" e="cubicBezier 0.0 0.0 0.0 1.0" />
      </property>
      <property name="gamma" type="float" value="1.000000" />
      <property name="offset" type="float" value="0.000000" />
    </effect>
    <effect id="com.alightcreative.effects.oscillate3" locallyApplied="false">
      <property name="angle" type="float">
        <kf t="0.000000" v="60.600002" />
        <kf t="1.000000" v="233.800003" e="cubicBezier 0.0 0.0 1.0 1.0" />
      </property>
      <property name="freq" type="float">
        <kf t="0.633267" v="2.750000" />
        <kf t="0.300601" v="3.310000" e="cubicBezier 0.0 0.0 1.0 1.0" />
        <kf t="0.000000" v="4.810000" />
        <kf t="1.000000" v="5.020000" e="cubicBezier 0.0 1.0 0.17812502 1.0" />
      </property>
      <property name="mag" type="float">
        <kf t="0.000000" v="270.000000" />
        <kf t="0.633267" v="7.000000" />
        <kf t="1.003000" v="270.000000" e="cubicBezier 1.0 0.0 1.0 0.26240808" />
        <kf t="0.304800" v="6.000000" e="cubicBezier 0.0 1.0 0.8576172 1.0" />
      </property>
      <property name="direction" type="int" value="0" />
      <property name="type" type="int" value="0" />
      <property name="phase" type="float" value="0.000000" />
    </effect>
    <effect id="com.alightcreative.effects.swing2" locallyApplied="false">
      <property name="a1" type="float">
        <kf t="0.000000" v="-5.800000" />
        <kf t="1.000000" v="0.000000" e="cubicBezier 0.0 1.0 0.55253905 1.0" />
      </property>
      <property name="a2" type="float">
        <kf t="0.000000" v="5.800000" />
        <kf t="1.000000" v="0.000000" e="cubicBezier 0.0 1.0 0.5619141 1.0" />
      </property>
      <property name="freq" type="float" value="5.200000" />
      <property name="phase" type="float" value="0.000000" />
      <property name="type" type="int" value="0" />
    </effect>
    <effect id="com.alightcreative.effects.oscillate3" locallyApplied="false">
      <property name="angle" type="float" value="90.000000" />
      <property name="freq" type="float">
        <kf t="0.015598" v="6.000000" />
        <kf t="1.016754" v="2.000000" e="cubicBezier 0.0 0.48863637 0.0 1.0" />
      </property>
      <property name="mag" type="float">
        <kf t="0.015598" v="230.000000" />
        <kf t="0.551351" v="0.000000" e="cubicBezier 0.0 1.0 0.03994641 1.0" />
      </property>
      <property name="direction" type="int" value="0" />
      <property name="type" type="int" value="0" />
      <property name="phase" type="float" value="0.000000" />
    </effect>
    <effect id="com.alightcreative.effects.randomdisplace" locallyApplied="false">
      <property name="evolution" type="float">
        <kf t="0.033333" v="0.000000" e="cubicBezier 0.0 1.0 0.19974788 0.9227273" />
        <kf t="1.033333" v="2.500000" e="cubicBezier 0.0 0.4090909 0.0 1.0" />
      </property>
      <property name="mag" type="float">
        <kf t="1.008325" v="0.000000" e="cubicBezier 0.0 1.0 0.07999998 1.0" />
        <kf t="0.010811" v="300.000000" />
      </property>
      <property name="scatter" type="float" value="2.000000" />
      <property name="seed" type="float">
        <kf t="0.007354" v="0.030000" />
        <kf t="1.008325" v="0.000000" e="cubicBezier 0.17857143 0.59090906 0.2690756 0.8" />
      </property>
    </effect>
    <effect id="com.alightcreative.effects.shake" locallyApplied="false">
      <property name="angle" type="float" value="90.000000" />
      <property name="evolution" type="float">
        <kf t="0.012795" v="10.000000" />
        <kf t="1.009000" v="0.000000" e="cubicBezier 0.0 0.0 0.58 1.0" />
      </property>
      <property name="mag" type="float">
        <kf t="1.010811" v="0.000000" e="cubicBezier 0.0 0.0 1.0 1.0" />
        <kf t="0.001923" v="15.000000" />
      </property>
      <property name="seed" type="float">
        <kf t="0.000000" v="0.100000" />
        <kf t="1.010811" v="0.000000" />
        <kf t="0.983984" v="0.000128" e="cubicBezier 0.0 0.0 0.0 1.0" />
      </property>
      <property name="slack" type="float" value="1.000000" />
      <property name="speed" type="float">
        <kf t="1.022143" v="3.000000" e="cubicBezier 0.0 0.0 0.0 1.0" />
        <kf t="0.022500" v="7.500000" />
      </property>
    </effect>
    <effect id="com.alightcreative.effects.motionblur4" locallyApplied="true">
      <property name="tune" type="float" value="1.000000" />
      <property name="usePos" type="bool" value="true" />
      <property name="useScale" type="bool" value="true" />
      <property name="useAngle" type="bool" value="true" />
    </effect>
    <property name="size" type="vec2" value="540.000000,540.000000" />
  </shape>
  <text id="10046671" startTime="1016" endTime="2015" fillType="color" mediaFillMode="fill" size="18.000000" font="googlefonts?name=Roboto&amp;weight=900" wrapWidth="235" align="left">
    <transform>
      <location value="540.000000,540.000000,0.000000" />
    </transform>
    <content>SHAKE 2</content>
  </text>
</scene>