<?xml version='1.0' encoding='UTF-8' ?><!--
Created by Alight Motion (http://alightmotion.com)
Exported: 2024-03-24 12:27 PM
5.0.249.1002172 (1002172)
eaa988d (23-yan, 2024 18:44:49)
-->
<scene title="DARKEN 3D TEXT (v1)" width="1080" height="1080" exportWidth="1080" exportHeight="1080" precompose="dynamicResolution" bgcolor="#ff000000" totalTime="2032" fps="60" modifiedTime="1711265229359" amver="1002172" ffver="106" am="com.alightcreative.motion/5.0.249.1002172" amplatform="android" retime="freeze" retimeAdaptFPS="false">
  <bookmark t="1691" />
  <embedScene id="10046276" label="d" startTime="0" endTime="2032" fillType="intrinsic" mediaFillMode="stretch">
    <transform>
      <location value="567.000000,541.312683,0.000000" />
      <scale value="0.843750,0.843750" />
      <opacity>
        <kf t="1.685532" v="1.000000" />
        <kf t="1.718012" v="0.000000" />
        <kf t="0.044784" v="1.000000" />
        <kf t="0.003937" v="0.000000" />
      </opacity>
    </transform>
    <fillColor value="#ff000000" />
    <scene title="" width="1297" height="1282" exportWidth="1297" exportHeight="1282" precompose="dynamicResolution" bgcolor="#00000000" totalTime="2032" fps="60" modifiedTime="0" amver="1002172" ffver="106" am="com.alightcreative.motion/5.0.249.1002172" amplatform="android" retime="freeze" retimeOut="3499" retimeAdaptFPS="false">
      <embedScene id="204304" label="r" startTime="0" endTime="2032" fillType="intrinsic" outTime="2032" mediaFillMode="stretch">
        <transform lockAspectRatio="false">
          <location value="650.468140,640.000000,0.000000" />
          <scale>
            <kf t="0.007874" v="0.119840,0.119840" />
            <kf t="0.881398" v="0.997424,0.997424" />
          </scale>
          <rotation>
            <kf t="0.992126" v="0.000000" />
            <kf t="0.549213" v="0.000000" />
          </rotation>
        </transform>
        <fillColor value="#ff000000" />
        <effect id="com.alightcreative.effects.brightcont" locallyApplied="true">
          <property name="brightness" type="float" value="-0.100000" />
          <property name="contrast" type="float" value="0.100000" />
        </effect>
        <effect id="com.alightcreative.effects.hueshift" locallyApplied="true">
          <property name="hue" type="float" value="208.000000" />
        </effect>
        <scene title="" width="1282" height="722" exportWidth="1282" exportHeight="722" precompose="dynamicResolution" bgcolor="#00000000" totalTime="2032" fps="30" modifiedTime="0" amver="1002172" ffver="106" am="com.alightcreative.motion/5.0.249.1002172" amplatform="android" retime="off" retimeAdaptFPS="false">
          <bookmark t="1183" />
          <embedScene id="10044297" label="t" startTime="0" endTime="2032" fillType="intrinsic" outTime="2032" mediaFillMode="stretch">
            <transform>
              <location value="319.208008,360.000000,0.000000" />
              <pivot value="17.548828,0.000000" />
              <scale>
                <kf t="0.992126" v="1.000000,1.000000" e="cubicBezier 0.0 1.0 1.0 1.0" />
              </scale>
            </transform>
            <fillColor value="#ff000000" />
            <effect id="com.alightcreative.effects.motionblur3" locallyApplied="true">
              <property name="tune" type="float" value="0.400000" />
              <property name="usePos" type="bool" value="true" />
              <property name="useScale" type="bool" value="true" />
              <property name="useAngle" type="bool" value="true" />
            </effect>
            <shadow direction="outside">
              <opacity value="0.830000" />
              <size value="16.000000" />
              <offset value="-4.000000,-4.000000" />
            </shadow>
            <scene title="" width="1282" height="722" exportWidth="1282" exportHeight="722" precompose="dynamicResolution" bgcolor="#00000000" totalTime="2032" fps="30" modifiedTime="0" amver="1002172" ffver="106" am="com.alightcreative.motion/5.0.249.1002172" amplatform="android" retime="off" retimeAdaptFPS="false">
              <text id="204295" startTime="0" endTime="2032" fillType="color" mediaFillMode="stretch" size="56.000000" font="googlefonts?name=Roboto&amp;weight=900" wrapWidth="375" align="center">
                <transform>
                  <location value="657.548828,360.000000,0.000000" />
                  <rotation>
                    <kf t="0.000000" v="0.000000" />
                    <kf t="1.000000" v="10.975610" />
                  </rotation>
                </transform>
                <fillColor value="#ff7f7f7f" />
                <effect id="com.alightcreative.effects.longshadow2" locallyApplied="true">
                  <property name="size" type="float">
                    <kf t="0.000000" v="0.027000" />
                    <kf t="1.000000" v="0.014000" />
                  </property>
                  <property name="angle" type="float" value="562.500000" />
                  <property name="color" type="color" value="#ff000000" />
                  <property name="alpha" type="float" value="1.000000" />
                  <property name="solidity" type="float" value="1.000000" />
                  <property name="fill" type="float" value="1.000000" />
                  <property name="fade" type="float" value="0.000000" />
                  <property name="fadeType" type="int" value="0" />
                </effect>
                <effect id="com.alightcreative.effects.ridges" locallyApplied="true">
                  <property name="evolution" type="float">
                    <kf t="0.000000" v="0.000000" />
                    <kf t="1.000000" v="0.850000" />
                  </property>
                  <property name="scale" type="float" value="0.490000" />
                  <property name="stretch" type="float" value="0.000000" />
                  <property name="intensity" type="float" value="1.000000" />
                  <property name="seed" type="float" value="0.340000" />
                  <property name="color1" type="color" value="#ff282828" />
                  <property name="color2" type="color" value="#fff4b446" />
                  <property name="octaves" type="float" value="9.000000" />
                </effect>
                <content>D</content>
              </text>
              <text id="204296" startTime="0" endTime="2032" fillType="color" mediaFillMode="stretch" size="56.000000" font="googlefonts?name=Roboto&amp;weight=900" wrapWidth="375" align="center">
                <transform>
                  <location value="657.548828,360.000000,0.000000" />
                  <rotation>
                    <kf t="0.000000" v="0.000000" />
                    <kf t="1.000000" v="10.975610" />
                  </rotation>
                </transform>
                <fillColor value="#ff7f7f7f" />
                <effect id="com.alightcreative.effects.longshadow2" hidden="true" locallyApplied="true">
                  <property name="size" type="float">
                    <kf t="0.000000" v="0.027000" />
                    <kf t="1.000000" v="0.014000" />
                  </property>
                  <property name="angle" type="float" value="562.500000" />
                  <property name="color" type="color" value="#ff000000" />
                  <property name="alpha" type="float" value="1.000000" />
                  <property name="solidity" type="float" value="1.000000" />
                  <property name="fill" type="float" value="1.000000" />
                  <property name="fade" type="float" value="0.000000" />
                  <property name="fadeType" type="int" value="0" />
                </effect>
                <effect id="com.alightcreative.effects.ridges" locallyApplied="true">
                  <property name="evolution" type="float">
                    <kf t="0.000000" v="0.000000" />
                    <kf t="1.000000" v="0.850000" />
                  </property>
                  <property name="scale" type="float" value="0.350000" />
                  <property name="stretch" type="float" value="0.000000" />
                  <property name="intensity" type="float" value="1.000000" />
                  <property name="seed" type="float" value="0.370000" />
                  <property name="color1" type="color" value="#ff444444" />
                  <property name="color2" type="color" value="#ffffffff" />
                  <property name="octaves" type="float" value="1.000000" />
                </effect>
                <effect id="com.alightcreative.internal.smoothbevel" locallyApplied="true">
                  <property name="radius" type="float" value="8.000000" />
                  <property name="angle_d" type="float" value="80.000000" />
                  <property name="angle_s" type="float" value="48.000000" />
                  <property name="color_d" type="color" value="#ffffffff" />
                  <property name="color_s" type="color" value="#ffffffff" />
                  <property name="intensity_d" type="float" value="0.640000" />
                  <property name="intensity_s" type="float" value="0.640000" />
                  <property name="elevation_d" type="float" value="0.000000" />
                  <property name="elevation_s" type="float" value="2.650000" />
                  <property name="spec" type="float" value="29.400000" />
                </effect>
                <content>D</content>
              </text>
            </scene>
          </embedScene>
          <embedScene id="204302" label="i" startTime="0" endTime="2032" fillType="intrinsic" outTime="2032" mediaFillMode="stretch">
            <transform>
              <location>
                <kf t="0.188484" v="578.065186,360.000000,0.000000" />
              </location>
              <pivot value="-150.498047,0.000000" />
              <scale>
                <kf t="1.000000" v="1.000000,1.000000" e="cubicBezier 0.0 1.0 1.0 1.0" />
              </scale>
            </transform>
            <fillColor value="#ff000000" />
            <effect id="com.alightcreative.effects.motionblur3" locallyApplied="true">
              <property name="tune" type="float" value="0.400000" />
              <property name="usePos" type="bool" value="true" />
              <property name="useScale" type="bool" value="true" />
              <property name="useAngle" type="bool" value="true" />
            </effect>
            <scene title="" width="1282" height="722" exportWidth="1282" exportHeight="722" precompose="dynamicResolution" bgcolor="#00000000" totalTime="2032" fps="30" modifiedTime="0" amver="1002172" ffver="106" am="com.alightcreative.motion/5.0.249.1002172" amplatform="android" retime="off" retimeAdaptFPS="false">
              <text id="204290" startTime="0" endTime="2032" fillType="color" mediaFillMode="stretch" size="56.000000" font="googlefonts?name=Roboto&amp;weight=900" wrapWidth="375" align="center">
                <transform>
                  <location value="489.501953,360.000000,0.000000" />
                  <rotation>
                    <kf t="0.000000" v="0.000000" />
                    <kf t="1.000000" v="-5.487793" />
                  </rotation>
                </transform>
                <fillColor value="#ff7f7f7f" />
                <effect id="com.alightcreative.effects.flip2" locallyApplied="true">
                  <property name="angle" type="float">
                    <kf t="0.000000" v="48.600002" />
                    <kf t="1.000000" v="11.500000" />
                  </property>
                  <property name="axis" type="float" value="4.000000" />
                  <property name="crop" type="float" value="1.000000" />
                  <property name="zdist" type="float" value="0.000000" />
                  <property name="solid" type="bool" value="false" />
                  <property name="solidColor" type="color" value="#ffdd4455" />
                  <property name="thickness" type="float" value="1.000000" />
                  <property name="enableLight" type="bool" value="false" />
                  <property name="lightIntensity" type="float" value="0.300000" />
                  <property name="lightColor" type="color" value="#ffffffff" />
                  <property name="light" type="float" value="0.000000" />
                  <property name="lightDepth" type="float" value="0.300000" />
                </effect>
                <effect id="com.alightcreative.effects.longshadow2" locallyApplied="true">
                  <property name="size" type="float">
                    <kf t="0.000000" v="0.034000" />
                    <kf t="1.000000" v="0.012000" />
                  </property>
                  <property name="angle" type="float" value="357.500000" />
                  <property name="color" type="color" value="#ff000000" />
                  <property name="alpha" type="float" value="1.000000" />
                  <property name="solidity" type="float" value="1.000000" />
                  <property name="fill" type="float" value="1.000000" />
                  <property name="fade" type="float" value="0.000000" />
                  <property name="fadeType" type="int" value="0" />
                </effect>
                <effect id="com.alightcreative.effects.ridges" locallyApplied="true">
                  <property name="evolution" type="float">
                    <kf t="0.000000" v="0.000000" />
                    <kf t="1.000000" v="0.850000" />
                  </property>
                  <property name="scale" type="float" value="0.490000" />
                  <property name="stretch" type="float" value="0.000000" />
                  <property name="intensity" type="float" value="1.000000" />
                  <property name="seed" type="float" value="0.040000" />
                  <property name="color1" type="color" value="#ff888888" />
                  <property name="color2" type="color" value="#fff4b446" />
                  <property name="octaves" type="float" value="9.000000" />
                </effect>
                <content>A</content>
              </text>
              <text id="204291" startTime="0" endTime="2032" fillType="color" mediaFillMode="stretch" size="56.000000" font="googlefonts?name=Roboto&amp;weight=900" wrapWidth="375" align="center">
                <transform>
                  <location value="489.501953,360.000000,0.000000" />
                  <rotation>
                    <kf t="0.000000" v="0.000000" />
                    <kf t="1.000000" v="-5.487793" />
                  </rotation>
                </transform>
                <fillColor value="#ff7f7f7f" />
                <effect id="com.alightcreative.effects.flip2" locallyApplied="true">
                  <property name="angle" type="float">
                    <kf t="0.000000" v="48.600002" />
                    <kf t="1.000000" v="11.500000" />
                  </property>
                  <property name="axis" type="float" value="4.000000" />
                  <property name="crop" type="float" value="1.000000" />
                  <property name="zdist" type="float" value="0.000000" />
                  <property name="solid" type="bool" value="false" />
                  <property name="solidColor" type="color" value="#ffdd4455" />
                  <property name="thickness" type="float" value="1.000000" />
                  <property name="enableLight" type="bool" value="false" />
                  <property name="lightIntensity" type="float" value="0.300000" />
                  <property name="lightColor" type="color" value="#ffffffff" />
                  <property name="light" type="float" value="0.000000" />
                  <property name="lightDepth" type="float" value="0.300000" />
                </effect>
                <effect id="com.alightcreative.effects.ridges" locallyApplied="true">
                  <property name="evolution" type="float">
                    <kf t="0.000000" v="0.000000" />
                    <kf t="1.000000" v="0.850000" />
                  </property>
                  <property name="scale" type="float" value="0.350000" />
                  <property name="stretch" type="float" value="0.000000" />
                  <property name="intensity" type="float" value="1.000000" />
                  <property name="seed" type="float" value="0.000000" />
                  <property name="color1" type="color" value="#ff444444" />
                  <property name="color2" type="color" value="#ffffffff" />
                  <property name="octaves" type="float" value="1.000000" />
                </effect>
                <effect id="com.alightcreative.internal.smoothbevel" locallyApplied="true">
                  <property name="radius" type="float" value="8.000000" />
                  <property name="angle_d" type="float" value="80.000000" />
                  <property name="angle_s" type="float" value="48.000000" />
                  <property name="color_d" type="color" value="#ffffffff" />
                  <property name="color_s" type="color" value="#ffffffff" />
                  <property name="intensity_d" type="float" value="0.640000" />
                  <property name="intensity_s" type="float" value="0.640000" />
                  <property name="elevation_d" type="float" value="0.000000" />
                  <property name="elevation_s" type="float" value="2.650000" />
                  <property name="spec" type="float" value="29.400000" />
                </effect>
                <content>A</content>
              </text>
            </scene>
          </embedScene>
          <embedScene id="204301" label="d" startTime="0" endTime="2032" fillType="intrinsic" outTime="2032" mediaFillMode="stretch">
            <transform>
              <location value="609.024963,360.000000,0.000000" />
              <pivot value="-67.558594,0.000000" />
              <scale>
                <kf t="0.992126" v="1.000000,1.000000" e="cubicBezier 0.0 1.0 1.0 1.0" />
              </scale>
            </transform>
            <fillColor value="#ff000000" />
            <effect id="com.alightcreative.effects.motionblur3" locallyApplied="true">
              <property name="tune" type="float" value="0.400000" />
              <property name="usePos" type="bool" value="true" />
              <property name="useScale" type="bool" value="true" />
              <property name="useAngle" type="bool" value="true" />
            </effect>
            <shadow direction="outside">
              <opacity value="0.830000" />
              <size value="22.000000" />
              <offset value="-6.000000,3.000000" />
            </shadow>
            <scene title="" width="1282" height="722" exportWidth="1282" exportHeight="722" precompose="dynamicResolution" bgcolor="#00000000" totalTime="2032" fps="30" modifiedTime="0" amver="1002172" ffver="106" am="com.alightcreative.motion/5.0.249.1002172" amplatform="android" retime="off" retimeAdaptFPS="false">
              <text id="204293" startTime="0" endTime="2032" fillType="color" mediaFillMode="stretch" size="56.000000" font="googlefonts?name=Roboto&amp;weight=900" wrapWidth="375" align="center">
                <transform>
                  <location value="572.441406,360.000000,0.000000" />
                </transform>
                <fillColor value="#ff7f7f7f" />
                <effect id="com.alightcreative.effects.flip2" locallyApplied="true">
                  <property name="angle" type="float">
                    <kf t="1.000000" v="11.500000" />
                    <kf t="0.000000" v="61.000000" />
                  </property>
                  <property name="axis" type="float" value="4.000000" />
                  <property name="crop" type="float" value="1.000000" />
                  <property name="zdist" type="float" value="0.000000" />
                  <property name="solid" type="bool" value="false" />
                  <property name="solidColor" type="color" value="#ffdd4455" />
                  <property name="thickness" type="float" value="1.000000" />
                  <property name="enableLight" type="bool" value="false" />
                  <property name="lightIntensity" type="float" value="0.300000" />
                  <property name="lightColor" type="color" value="#ffffffff" />
                  <property name="light" type="float" value="0.000000" />
                  <property name="lightDepth" type="float" value="0.300000" />
                </effect>
                <effect id="com.alightcreative.effects.longshadow2" locallyApplied="true">
                  <property name="size" type="float">
                    <kf t="0.000000" v="0.027000" />
                    <kf t="1.000000" v="0.009000" />
                  </property>
                  <property name="angle" type="float" value="357.500000" />
                  <property name="color" type="color" value="#ff000000" />
                  <property name="alpha" type="float" value="1.000000" />
                  <property name="solidity" type="float" value="1.000000" />
                  <property name="fill" type="float" value="1.000000" />
                  <property name="fade" type="float" value="0.000000" />
                  <property name="fadeType" type="int" value="0" />
                </effect>
                <effect id="com.alightcreative.effects.ridges" locallyApplied="true">
                  <property name="evolution" type="float">
                    <kf t="0.000000" v="0.000000" />
                    <kf t="1.000000" v="0.850000" />
                  </property>
                  <property name="scale" type="float" value="0.500000" />
                  <property name="stretch" type="float" value="0.000000" />
                  <property name="intensity" type="float" value="1.000000" />
                  <property name="seed" type="float" value="0.080000" />
                  <property name="color1" type="color" value="#ff282828" />
                  <property name="color2" type="color" value="#fff4b446" />
                  <property name="octaves" type="float" value="9.000000" />
                </effect>
                <content>R</content>
              </text>
              <text id="204294" startTime="0" endTime="2032" fillType="color" mediaFillMode="stretch" size="56.000000" font="googlefonts?name=Roboto&amp;weight=900" wrapWidth="375" align="center">
                <transform>
                  <location value="572.441406,360.000000,0.000000" />
                </transform>
                <fillColor value="#ff7f7f7f" />
                <effect id="com.alightcreative.effects.flip2" locallyApplied="true">
                  <property name="angle" type="float">
                    <kf t="1.000000" v="11.500000" />
                    <kf t="0.000000" v="61.000000" />
                  </property>
                  <property name="axis" type="float" value="4.000000" />
                  <property name="crop" type="float" value="1.000000" />
                  <property name="zdist" type="float" value="0.000000" />
                  <property name="solid" type="bool" value="false" />
                  <property name="solidColor" type="color" value="#ffdd4455" />
                  <property name="thickness" type="float" value="1.000000" />
                  <property name="enableLight" type="bool" value="false" />
                  <property name="lightIntensity" type="float" value="0.300000" />
                  <property name="lightColor" type="color" value="#ffffffff" />
                  <property name="light" type="float" value="0.000000" />
                  <property name="lightDepth" type="float" value="0.300000" />
                </effect>
                <effect id="com.alightcreative.effects.longshadow2" hidden="true" locallyApplied="true">
                  <property name="size" type="float">
                    <kf t="0.000000" v="0.027000" />
                    <kf t="1.000000" v="0.009000" />
                  </property>
                  <property name="angle" type="float" value="357.500000" />
                  <property name="color" type="color" value="#ff000000" />
                  <property name="alpha" type="float" value="1.000000" />
                  <property name="solidity" type="float" value="1.000000" />
                  <property name="fill" type="float" value="1.000000" />
                  <property name="fade" type="float" value="0.000000" />
                  <property name="fadeType" type="int" value="0" />
                </effect>
                <effect id="com.alightcreative.effects.ridges" locallyApplied="true">
                  <property name="evolution" type="float">
                    <kf t="0.000000" v="0.000000" />
                    <kf t="1.000000" v="0.850000" />
                  </property>
                  <property name="scale" type="float" value="0.350000" />
                  <property name="stretch" type="float" value="0.000000" />
                  <property name="intensity" type="float" value="1.000000" />
                  <property name="seed" type="float" value="0.240000" />
                  <property name="color1" type="color" value="#ff444444" />
                  <property name="color2" type="color" value="#ffffffff" />
                  <property name="octaves" type="float" value="1.000000" />
                </effect>
                <effect id="com.alightcreative.internal.smoothbevel" locallyApplied="true">
                  <property name="radius" type="float" value="8.000000" />
                  <property name="angle_d" type="float" value="80.000000" />
                  <property name="angle_s" type="float" value="48.000000" />
                  <property name="color_d" type="color" value="#ffffffff" />
                  <property name="color_s" type="color" value="#ffffffff" />
                  <property name="intensity_d" type="float" value="0.640000" />
                  <property name="intensity_s" type="float" value="0.640000" />
                  <property name="elevation_d" type="float" value="0.000000" />
                  <property name="elevation_s" type="float" value="2.650000" />
                  <property name="spec" type="float" value="29.400000" />
                </effect>
                <content>R</content>
              </text>
            </scene>
          </embedScene>
          <embedScene id="204300" label="e" startTime="0" endTime="2032" fillType="intrinsic" outTime="2032" mediaFillMode="stretch">
            <transform>
              <location>
                <kf t="0.286909" v="635.208008,360.007355,0.000000" />
              </location>
              <pivot value="17.548828,0.000000" />
              <scale>
                <kf t="0.992126" v="1.000000,1.000000" e="cubicBezier 0.0 1.0 1.0 1.0" />
              </scale>
            </transform>
            <fillColor value="#ff000000" />
            <effect id="com.alightcreative.effects.motionblur3" locallyApplied="true">
              <property name="tune" type="float" value="0.400000" />
              <property name="usePos" type="bool" value="true" />
              <property name="useScale" type="bool" value="true" />
              <property name="useAngle" type="bool" value="true" />
            </effect>
            <shadow direction="outside">
              <opacity value="0.830000" />
              <size value="16.000000" />
              <offset value="-4.000000,-4.000000" />
            </shadow>
            <scene title="" width="1282" height="722" exportWidth="1282" exportHeight="722" precompose="dynamicResolution" bgcolor="#00000000" totalTime="2032" fps="30" modifiedTime="0" amver="1002172" ffver="106" am="com.alightcreative.motion/5.0.249.1002172" amplatform="android" retime="off" retimeAdaptFPS="false">
              <text id="204295" startTime="0" endTime="2032" fillType="color" mediaFillMode="stretch" size="56.000000" font="googlefonts?name=Roboto&amp;weight=900" wrapWidth="375" align="center">
                <transform>
                  <location value="657.548828,360.000000,0.000000" />
                  <rotation>
                    <kf t="0.000000" v="0.000000" />
                    <kf t="1.000000" v="10.975610" />
                  </rotation>
                </transform>
                <fillColor value="#ff7f7f7f" />
                <effect id="com.alightcreative.effects.longshadow2" locallyApplied="true">
                  <property name="size" type="float">
                    <kf t="0.000000" v="0.027000" />
                    <kf t="1.000000" v="0.014000" />
                  </property>
                  <property name="angle" type="float" value="562.500000" />
                  <property name="color" type="color" value="#ff000000" />
                  <property name="alpha" type="float" value="1.000000" />
                  <property name="solidity" type="float" value="1.000000" />
                  <property name="fill" type="float" value="1.000000" />
                  <property name="fade" type="float" value="0.000000" />
                  <property name="fadeType" type="int" value="0" />
                </effect>
                <effect id="com.alightcreative.effects.ridges" locallyApplied="true">
                  <property name="evolution" type="float">
                    <kf t="0.000000" v="0.000000" />
                    <kf t="1.000000" v="0.850000" />
                  </property>
                  <property name="scale" type="float" value="0.490000" />
                  <property name="stretch" type="float" value="0.000000" />
                  <property name="intensity" type="float" value="1.000000" />
                  <property name="seed" type="float" value="0.340000" />
                  <property name="color1" type="color" value="#ff282828" />
                  <property name="color2" type="color" value="#fff4b446" />
                  <property name="octaves" type="float" value="9.000000" />
                </effect>
                <content>K</content>
              </text>
              <text id="204296" startTime="0" endTime="2032" fillType="color" mediaFillMode="stretch" size="56.000000" font="googlefonts?name=Roboto&amp;weight=900" wrapWidth="375" align="center">
                <transform>
                  <location value="657.548828,360.000000,0.000000" />
                  <rotation>
                    <kf t="0.000000" v="0.000000" />
                    <kf t="1.000000" v="10.975610" />
                  </rotation>
                </transform>
                <fillColor value="#ff7f7f7f" />
                <effect id="com.alightcreative.effects.longshadow2" hidden="true" locallyApplied="true">
                  <property name="size" type="float">
                    <kf t="0.000000" v="0.027000" />
                    <kf t="1.000000" v="0.014000" />
                  </property>
                  <property name="angle" type="float" value="562.500000" />
                  <property name="color" type="color" value="#ff000000" />
                  <property name="alpha" type="float" value="1.000000" />
                  <property name="solidity" type="float" value="1.000000" />
                  <property name="fill" type="float" value="1.000000" />
                  <property name="fade" type="float" value="0.000000" />
                  <property name="fadeType" type="int" value="0" />
                </effect>
                <effect id="com.alightcreative.effects.ridges" locallyApplied="true">
                  <property name="evolution" type="float">
                    <kf t="0.000000" v="0.000000" />
                    <kf t="1.000000" v="0.850000" />
                  </property>
                  <property name="scale" type="float" value="0.350000" />
                  <property name="stretch" type="float" value="0.000000" />
                  <property name="intensity" type="float" value="1.000000" />
                  <property name="seed" type="float" value="0.370000" />
                  <property name="color1" type="color" value="#ff444444" />
                  <property name="color2" type="color" value="#ffffffff" />
                  <property name="octaves" type="float" value="1.000000" />
                </effect>
                <effect id="com.alightcreative.internal.smoothbevel" locallyApplied="true">
                  <property name="radius" type="float" value="8.000000" />
                  <property name="angle_d" type="float" value="80.000000" />
                  <property name="angle_s" type="float" value="48.000000" />
                  <property name="color_d" type="color" value="#ffffffff" />
                  <property name="color_s" type="color" value="#ffffffff" />
                  <property name="intensity_d" type="float" value="0.640000" />
                  <property name="intensity_s" type="float" value="0.640000" />
                  <property name="elevation_d" type="float" value="0.000000" />
                  <property name="elevation_s" type="float" value="2.650000" />
                  <property name="spec" type="float" value="29.400000" />
                </effect>
                <content>K</content>
              </text>
            </scene>
          </embedScene>
          <embedScene id="406176" label="n" startTime="0" endTime="2032" fillType="intrinsic" outTime="2032" mediaFillMode="stretch">
            <transform>
              <location value="731.900146,360.000000,0.000000" />
              <pivot value="17.548828,0.000000" />
              <scale>
                <kf t="0.992126" v="1.000000,1.000000" e="cubicBezier 0.0 1.0 1.0 1.0" />
              </scale>
            </transform>
            <fillColor value="#ff000000" />
            <effect id="com.alightcreative.effects.motionblur3" locallyApplied="true">
              <property name="tune" type="float" value="0.400000" />
              <property name="usePos" type="bool" value="true" />
              <property name="useScale" type="bool" value="true" />
              <property name="useAngle" type="bool" value="true" />
            </effect>
            <shadow direction="outside">
              <opacity value="0.830000" />
              <size value="16.000000" />
              <offset value="-4.000000,-4.000000" />
            </shadow>
            <scene title="" width="1282" height="722" exportWidth="1282" exportHeight="722" precompose="dynamicResolution" bgcolor="#00000000" totalTime="2032" fps="30" modifiedTime="0" amver="1002172" ffver="106" am="com.alightcreative.motion/5.0.249.1002172" amplatform="android" retime="off" retimeAdaptFPS="false">
              <text id="406177" startTime="0" endTime="2032" fillType="color" mediaFillMode="stretch" size="56.000000" font="googlefonts?name=Roboto&amp;weight=900" wrapWidth="375" align="center">
                <transform>
                  <location value="657.548828,360.000000,0.000000" />
                  <rotation>
                    <kf t="0.000000" v="0.000000" />
                    <kf t="1.000000" v="10.975610" />
                  </rotation>
                </transform>
                <fillColor value="#ff7f7f7f" />
                <effect id="com.alightcreative.effects.flip2" locallyApplied="true">
                  <property name="angle" type="float">
                    <kf t="0.000000" v="-52.700001" />
                    <kf t="1.000000" v="-19.500000" e="elastic 0.25 1.0 0.5 1.0" />
                  </property>
                  <property name="axis" type="float" value="344.000000" />
                  <property name="crop" type="float" value="1.000000" />
                  <property name="zdist" type="float" value="0.000000" />
                  <property name="solid" type="bool" value="false" />
                  <property name="solidColor" type="color" value="#ffdd4455" />
                  <property name="thickness" type="float" value="1.000000" />
                  <property name="enableLight" type="bool" value="false" />
                  <property name="lightIntensity" type="float" value="0.300000" />
                  <property name="lightColor" type="color" value="#ffffffff" />
                  <property name="light" type="float" value="0.000000" />
                  <property name="lightDepth" type="float" value="0.300000" />
                </effect>
                <effect id="com.alightcreative.effects.longshadow2" locallyApplied="true">
                  <property name="size" type="float">
                    <kf t="0.000000" v="0.027000" />
                    <kf t="1.000000" v="0.014000" />
                  </property>
                  <property name="angle" type="float" value="562.500000" />
                  <property name="color" type="color" value="#ff000000" />
                  <property name="alpha" type="float" value="1.000000" />
                  <property name="solidity" type="float" value="1.000000" />
                  <property name="fill" type="float" value="1.000000" />
                  <property name="fade" type="float" value="0.000000" />
                  <property name="fadeType" type="int" value="0" />
                </effect>
                <effect id="com.alightcreative.effects.ridges" locallyApplied="true">
                  <property name="evolution" type="float">
                    <kf t="0.000000" v="0.000000" />
                    <kf t="1.000000" v="0.850000" />
                  </property>
                  <property name="scale" type="float" value="0.490000" />
                  <property name="stretch" type="float" value="0.000000" />
                  <property name="intensity" type="float" value="1.000000" />
                  <property name="seed" type="float" value="0.340000" />
                  <property name="color1" type="color" value="#ff282828" />
                  <property name="color2" type="color" value="#fff4b446" />
                  <property name="octaves" type="float" value="9.000000" />
                </effect>
                <content>E</content>
              </text>
              <text id="406178" startTime="0" endTime="2032" fillType="color" mediaFillMode="stretch" size="56.000000" font="googlefonts?name=Roboto&amp;weight=900" wrapWidth="375" align="center">
                <transform>
                  <location value="656.361816,354.064819,0.000000" />
                  <rotation>
                    <kf t="0.000000" v="0.000000" />
                    <kf t="1.000000" v="10.975610" />
                  </rotation>
                </transform>
                <fillColor value="#ff7f7f7f" />
                <effect id="com.alightcreative.effects.flip2" locallyApplied="true">
                  <property name="angle" type="float">
                    <kf t="0.000000" v="-52.700001" />
                    <kf t="1.000000" v="-19.500000" e="elastic 0.25 1.0 0.5 1.0" />
                  </property>
                  <property name="axis" type="float" value="344.000000" />
                  <property name="crop" type="float" value="1.000000" />
                  <property name="zdist" type="float" value="0.000000" />
                  <property name="solid" type="bool" value="false" />
                  <property name="solidColor" type="color" value="#ffdd4455" />
                  <property name="thickness" type="float" value="1.000000" />
                  <property name="enableLight" type="bool" value="false" />
                  <property name="lightIntensity" type="float" value="0.300000" />
                  <property name="lightColor" type="color" value="#ffffffff" />
                  <property name="light" type="float" value="0.000000" />
                  <property name="lightDepth" type="float" value="0.300000" />
                </effect>
                <effect id="com.alightcreative.effects.longshadow2" hidden="true" locallyApplied="true">
                  <property name="size" type="float">
                    <kf t="0.000000" v="0.027000" />
                    <kf t="1.000000" v="0.014000" />
                  </property>
                  <property name="angle" type="float" value="562.500000" />
                  <property name="color" type="color" value="#ff000000" />
                  <property name="alpha" type="float" value="1.000000" />
                  <property name="solidity" type="float" value="1.000000" />
                  <property name="fill" type="float" value="1.000000" />
                  <property name="fade" type="float" value="0.000000" />
                  <property name="fadeType" type="int" value="0" />
                </effect>
                <effect id="com.alightcreative.effects.ridges" locallyApplied="true">
                  <property name="evolution" type="float">
                    <kf t="0.000000" v="0.000000" />
                    <kf t="1.000000" v="0.850000" />
                  </property>
                  <property name="scale" type="float" value="0.350000" />
                  <property name="stretch" type="float" value="0.000000" />
                  <property name="intensity" type="float" value="1.000000" />
                  <property name="seed" type="float" value="0.370000" />
                  <property name="color1" type="color" value="#ff444444" />
                  <property name="color2" type="color" value="#ffffffff" />
                  <property name="octaves" type="float" value="1.000000" />
                </effect>
                <effect id="com.alightcreative.internal.smoothbevel" locallyApplied="true">
                  <property name="radius" type="float" value="8.000000" />
                  <property name="angle_d" type="float" value="80.000000" />
                  <property name="angle_s" type="float" value="48.000000" />
                  <property name="color_d" type="color" value="#ffffffff" />
                  <property name="color_s" type="color" value="#ffffffff" />
                  <property name="intensity_d" type="float" value="0.640000" />
                  <property name="intensity_s" type="float" value="0.640000" />
                  <property name="elevation_d" type="float" value="0.000000" />
                  <property name="elevation_s" type="float" value="2.650000" />
                  <property name="spec" type="float" value="29.400000" />
                </effect>
                <content>E</content>
              </text>
            </scene>
          </embedScene>
          <embedScene id="204299" label="e" startTime="0" endTime="2032" fillType="intrinsic" outTime="2032" mediaFillMode="stretch">
            <transform>
              <location>
                <kf t="0.188484" v="707.263367,360.000000,0.000000" />
              </location>
              <pivot value="150.644531,0.000000" />
              <scale>
                <kf t="0.992126" v="1.000000,1.000000" e="cubicBezier 0.0 1.0 1.0 1.0" />
              </scale>
            </transform>
            <fillColor value="#ff000000" />
            <effect id="com.alightcreative.effects.motionblur3" locallyApplied="true">
              <property name="tune" type="float" value="0.700000" />
              <property name="usePos" type="bool" value="true" />
              <property name="useScale" type="bool" value="true" />
              <property name="useAngle" type="bool" value="true" />
            </effect>
            <shadow direction="outside">
              <opacity value="0.610000" />
              <size value="16.000000" />
              <offset value="-5.000000,3.000000" />
            </shadow>
            <scene title="" width="1282" height="722" exportWidth="1282" exportHeight="722" precompose="dynamicResolution" bgcolor="#00000000" totalTime="2032" fps="30" modifiedTime="0" amver="1002172" ffver="106" am="com.alightcreative.motion/5.0.249.1002172" amplatform="android" retime="off" retimeAdaptFPS="false">
              <text id="204297" startTime="0" endTime="2032" fillType="color" mediaFillMode="stretch" size="56.000000" font="googlefonts?name=Roboto&amp;weight=900" wrapWidth="375" align="center">
                <transform>
                  <location value="790.644531,360.000000,0.000000" />
                  <rotation>
                    <kf t="0.000000" v="0.000000" />
                    <kf t="1.000000" v="-16.463409" />
                  </rotation>
                </transform>
                <fillColor value="#ff7f7f7f" />
                <effect id="com.alightcreative.effects.flip2" locallyApplied="true">
                  <property name="angle" type="float">
                    <kf t="0.992126" v="10.100000" />
                    <kf t="0.000000" v="53.299999" />
                  </property>
                  <property name="axis" type="float" value="344.000000" />
                  <property name="crop" type="float" value="1.000000" />
                  <property name="zdist" type="float" value="0.000000" />
                  <property name="solid" type="bool" value="false" />
                  <property name="solidColor" type="color" value="#ffdd4455" />
                  <property name="thickness" type="float" value="1.000000" />
                  <property name="enableLight" type="bool" value="false" />
                  <property name="lightIntensity" type="float" value="0.300000" />
                  <property name="lightColor" type="color" value="#ffffffff" />
                  <property name="light" type="float" value="0.000000" />
                  <property name="lightDepth" type="float" value="0.300000" />
                </effect>
                <effect id="com.alightcreative.effects.longshadow2" locallyApplied="true">
                  <property name="size" type="float">
                    <kf t="0.000000" v="0.027000" />
                    <kf t="1.000000" v="0.009000" />
                  </property>
                  <property name="angle" type="float">
                    <kf t="0.992126" v="364.000000" />
                    <kf t="0.007874" v="377.000000" />
                  </property>
                  <property name="color" type="color" value="#ff000000" />
                  <property name="alpha" type="float" value="1.000000" />
                  <property name="solidity" type="float" value="1.000000" />
                  <property name="fill" type="float" value="1.000000" />
                  <property name="fade" type="float" value="0.000000" />
                  <property name="fadeType" type="int" value="0" />
                </effect>
                <effect id="com.alightcreative.effects.ridges" locallyApplied="true">
                  <property name="evolution" type="float">
                    <kf t="0.000000" v="0.000000" />
                    <kf t="1.000000" v="0.850000" />
                  </property>
                  <property name="scale" type="float" value="0.500000" />
                  <property name="stretch" type="float" value="0.010000" />
                  <property name="intensity" type="float" value="1.000000" />
                  <property name="seed" type="float" value="0.710000" />
                  <property name="color1" type="color" value="#ff282828" />
                  <property name="color2" type="color" value="#fff4b446" />
                  <property name="octaves" type="float" value="9.000000" />
                </effect>
                <content>N</content>
              </text>
              <text id="204298" startTime="0" endTime="2032" fillType="color" mediaFillMode="stretch" size="56.000000" font="googlefonts?name=Roboto&amp;weight=900" wrapWidth="375" align="center">
                <transform>
                  <location value="790.644531,360.000000,0.000000" />
                  <rotation>
                    <kf t="0.000000" v="0.000000" />
                    <kf t="1.000000" v="-16.463409" />
                  </rotation>
                </transform>
                <fillColor value="#ff7f7f7f" />
                <effect id="com.alightcreative.effects.flip2" locallyApplied="true">
                  <property name="angle" type="float">
                    <kf t="0.992126" v="10.100000" />
                    <kf t="0.000000" v="53.299999" />
                  </property>
                  <property name="axis" type="float" value="344.000000" />
                  <property name="crop" type="float" value="1.000000" />
                  <property name="zdist" type="float" value="0.000000" />
                  <property name="solid" type="bool" value="false" />
                  <property name="solidColor" type="color" value="#ffdd4455" />
                  <property name="thickness" type="float" value="1.000000" />
                  <property name="enableLight" type="bool" value="false" />
                  <property name="lightIntensity" type="float" value="0.300000" />
                  <property name="lightColor" type="color" value="#ffffffff" />
                  <property name="light" type="float" value="0.000000" />
                  <property name="lightDepth" type="float" value="0.300000" />
                </effect>
                <effect id="com.alightcreative.effects.longshadow2" hidden="true" locallyApplied="true">
                  <property name="size" type="float">
                    <kf t="0.000000" v="0.027000" />
                    <kf t="1.000000" v="0.009000" />
                  </property>
                  <property name="angle" type="float" value="377.500000" />
                  <property name="color" type="color" value="#ff000000" />
                  <property name="alpha" type="float" value="1.000000" />
                  <property name="solidity" type="float" value="1.000000" />
                  <property name="fill" type="float" value="1.000000" />
                  <property name="fade" type="float" value="0.000000" />
                  <property name="fadeType" type="int" value="0" />
                </effect>
                <effect id="com.alightcreative.effects.ridges" locallyApplied="true">
                  <property name="evolution" type="float">
                    <kf t="0.000000" v="0.000000" />
                    <kf t="1.000000" v="0.850000" />
                  </property>
                  <property name="scale" type="float" value="0.350000" />
                  <property name="stretch" type="float" value="0.000000" />
                  <property name="intensity" type="float" value="1.000000" />
                  <property name="seed" type="float" value="0.790000" />
                  <property name="color1" type="color" value="#ff444444" />
                  <property name="color2" type="color" value="#ffffffff" />
                  <property name="octaves" type="float" value="1.000000" />
                </effect>
                <effect id="com.alightcreative.internal.smoothbevel" locallyApplied="true">
                  <property name="radius" type="float" value="8.000000" />
                  <property name="angle_d" type="float" value="80.000000" />
                  <property name="angle_s" type="float" value="48.000000" />
                  <property name="color_d" type="color" value="#ffffffff" />
                  <property name="color_s" type="color" value="#ffffffff" />
                  <property name="intensity_d" type="float" value="0.640000" />
                  <property name="intensity_s" type="float" value="0.640000" />
                  <property name="elevation_d" type="float" value="0.000000" />
                  <property name="elevation_s" type="float" value="2.650000" />
                  <property name="spec" type="float" value="29.400000" />
                </effect>
                <content>N</content>
              </text>
            </scene>
          </embedScene>
          <shape id="204303" label="k" startTime="0" endTime="2032" fillType="color" blending="mask" mediaFillMode="stretch" s=".rect">
            <transform>
              <location value="640.000000,360.000000,0.000000" />
              <scale value="6.368159,3.582090" />
            </transform>
            <fillColor value="#ffe3ef42" />
            <property name="size" type="vec2" value="100.000000,100.000000" />
          </shape>
        </scene>
      </embedScene>
      <shape id="405685" label="a" startTime="0" endTime="2032" fillType="color" blending="screen" mediaFillMode="stretch" s=".rect">
        <transform>
          <location value="640.000000,640.000000,0.000000" />
          <scale value="6.400000,6.400000" />
        </transform>
        <fillColor value="#ff3c6895" />
        <effect id="com.alightcreative.effects.lift" locallyApplied="true">
          <property name="fill" type="float" value="0.000000" />
        </effect>
        <effect id="com.alightcreative.effects.gaussianblur" locallyApplied="true">
          <property name="strength" type="float" value="0.150000" />
        </effect>
        <property name="size" type="vec2" value="100.000000,100.000000" />
      </shape>
    </scene>
  </embedScene>
</scene>