<?xml version='1.0' encoding='UTF-8' ?><!--
Created by Alight Motion (http://alightmotion.com)
Exported: 2024-03-02 05:26 PM
5.0.249.1002172 (1002172)
eaa988d (23-yan, 2024 18:44:49)
-->
<scene title="DARKEN CC 10" width="1080" height="1080" exportWidth="1080" exportHeight="1080" precompose="dynamicResolution" bgcolor="#ffd8d8d8" totalTime="10399" fps="60" modifiedTime="1709382383810" amver="1002172" ffver="106" am="com.alightcreative.motion/5.0.249.1002172" amplatform="android" retime="freeze" retimeAdaptFPS="false">
  <media uri="content://media/external/images/media/1000071587" filename="1709363587653.jpg" title="1709363587653.jpg" type="image/jpeg" duration="0" size="448430" orientation="0" infoUpdated="1709382350415" width="0" height="0" />
  <shape id="10043517" label="IMG_20240219_133220_397.jpg" startTime="0" endTime="1015" fillType="media" fillImage="content://media/external/images/media/1000071587" mediaFillMode="fill" s=".rect">
    <transform>
      <location value="540.000000,540.000000,0.000000" />
      <scale value="0.770139,0.770139" />
    </transform>
    <property name="size" type="vec2" value="720.000000,709.000000" />
  </shape>
  <shape id="10043518" label="Rectangle 1" startTime="0" endTime="10399" fillType="color" blending="subtract" mediaFillMode="stretch" s=".rect">
    <transform>
      <location value="720.000000,720.000000,0.000000" />
      <scale value="7.200000,7.200000" />
      <opacity value="0.501953" />
    </transform>
    <fillColor value="#ff9387ee" />
    <effect id="com.alightcreative.effects.lift" locallyApplied="true">
      <property name="fill" type="float" value="0.000000" />
    </effect>
    <effect id="com.alightcreative.effects.exposure" locallyApplied="true">
      <property name="exposure" type="float" value="-0.600000" />
      <property name="gamma" type="float" value="0.600000" />
      <property name="offset" type="float" value="0.000000" />
    </effect>
    <effect id="com.alightcreative.effects.gaussianblur" locallyApplied="true">
      <property name="strength" type="float" value="0.500000" />
    </effect>
    <property name="size" type="vec2" value="100.000000,100.000000" />
  </shape>
  <shape id="10043519" label="Rectangle 2" startTime="0" endTime="10399" fillType="color" mediaFillMode="stretch" s=".rect">
    <transform>
      <location value="720.000000,720.000000,0.000000" />
      <scale value="7.200000,7.200000" />
    </transform>
    <fillColor value="#ffc6e8d3" />
    <effect id="com.alightcreative.effects.lift" locallyApplied="true">
      <property name="fill" type="float" value="0.000000" />
    </effect>
    <effect id="com.alightcreative.effects.exposure" locallyApplied="true">
      <property name="exposure" type="float" value="0.800000" />
      <property name="gamma" type="float" value="0.930000" />
      <property name="offset" type="float" value="0.000000" />
    </effect>
    <effect id="com.alightcreative.effects.sharpen" locallyApplied="true">
      <property name="strength" type="float" value="0.800000" />
      <property name="radius" type="float" value="1.000000" />
    </effect>
    <effect id="com.alightcreative.effects.satvib" locallyApplied="true">
      <property name="saturation" type="float" value="0.300000" />
      <property name="vib" type="float" value="1.000000" />
    </effect>
    <property name="size" type="vec2" value="100.000000,100.000000" />
  </shape>
  <shape id="10043520" label="Rectangle 3" startTime="0" endTime="10399" fillType="color" mediaFillMode="stretch" s=".rect">
    <transform>
      <location value="720.000000,720.000000,0.000000" />
      <scale value="7.200000,7.200000" />
    </transform>
    <fillColor value="#ff54da3f" />
    <effect id="com.alightcreative.effects.lift" locallyApplied="true">
      <property name="fill" type="float" value="0.000000" />
    </effect>
    <effect id="com.alightcreative.effects.channelmap" locallyApplied="true">
      <property name="red" type="int" value="0" />
      <property name="green" type="int" value="4" />
      <property name="blue" type="int" value="4" />
      <property name="alpha" type="int" value="3" />
    </effect>
    <effect id="com.alightcreative.effects.channelmap" locallyApplied="true">
      <property name="red" type="int" value="0" />
      <property name="green" type="int" value="4" />
      <property name="blue" type="int" value="4" />
      <property name="alpha" type="int" value="3" />
    </effect>
    <effect id="com.alightcreative.effects.rgbsep" locallyApplied="true">
      <property name="strength" type="float" value="-0.010000" />
      <property name="angle" type="float" value="65.000000" />
      <property name="centerChannel" type="int" value="2" />
      <property name="mode" type="int" value="2" />
    </effect>
    <property name="size" type="vec2" value="100.000000,100.000000" />
  </shape>
  <shape id="10043521" label="Rectangle 4" startTime="0" endTime="10399" fillType="color" blending="screen" mediaFillMode="stretch" s=".rect">
    <transform>
      <location value="1445.804932,720.000000,0.000000" />
      <scale value="7.200000,7.200000" />
    </transform>
    <fillColor value="#ffed5ece" />
    <effect id="com.alightcreative.effects.lift" locallyApplied="true">
      <property name="fill" type="float" value="0.000000" />
    </effect>
    <effect id="com.alightcreative.effects.threshold" locallyApplied="true">
      <property name="threshold" type="float" value="0.700000" />
      <property name="feather" type="float" value="0.000000" />
      <property name="invert" type="bool" value="false" />
      <property name="blendMode" type="int" value="2" />
    </effect>
    <effect id="com.alightcreative.effects.stretchsegment" locallyApplied="true">
      <property name="angle" type="float" value="0.000000" />
      <property name="stretch" type="float" value="900.000000" />
      <property name="offset" type="float" value="15.000000" />
      <property name="smooth" type="float" value="1.000000" />
    </effect>
    <effect id="com.alightcreative.effects.gaussianblur" locallyApplied="true">
      <property name="strength" type="float" value="0.150000" />
    </effect>
    <effect id="com.alightcreative.effects.wipe2" locallyApplied="true">
      <property name="start" type="float" value="1.000000" />
      <property name="end" type="float" value="1.000000" />
      <property name="angle" type="float" value="0.000000" />
      <property name="feather" type="float" value="100.000000" />
    </effect>
    <property name="size" type="vec2" value="100.000000,100.000000" />
  </shape>
  <shape id="10043522" label="Rectangle 4 Copy" startTime="0" endTime="10399" fillType="color" blending="screen" mediaFillMode="stretch" s=".rect">
    <transform>
      <location value="-6.628784,720.000000,0.000000" />
      <scale value="7.200000,7.200000" />
    </transform>
    <fillColor value="#ffed5ece" />
    <effect id="com.alightcreative.effects.lift" locallyApplied="true">
      <property name="fill" type="float" value="0.000000" />
    </effect>
    <effect id="com.alightcreative.effects.threshold" locallyApplied="true">
      <property name="threshold" type="float" value="0.700000" />
      <property name="feather" type="float" value="0.000000" />
      <property name="invert" type="bool" value="false" />
      <property name="blendMode" type="int" value="2" />
    </effect>
    <effect id="com.alightcreative.effects.stretchsegment" locallyApplied="true">
      <property name="angle" type="float" value="0.000000" />
      <property name="stretch" type="float" value="900.000000" />
      <property name="offset" type="float" value="-15.000000" />
      <property name="smooth" type="float" value="1.000000" />
    </effect>
    <effect id="com.alightcreative.effects.gaussianblur" locallyApplied="true">
      <property name="strength" type="float" value="0.150000" />
    </effect>
    <effect id="com.alightcreative.effects.wipe2" locallyApplied="true">
      <property name="start" type="float" value="1.000000" />
      <property name="end" type="float" value="1.000000" />
      <property name="angle" type="float" value="180.000000" />
      <property name="feather" type="float" value="100.000000" />
    </effect>
    <property name="size" type="vec2" value="100.000000,100.000000" />
  </shape>
</scene>