<?xml version='1.0' encoding='UTF-8' ?><!--
Created by Alight Motion (http://alightmotion.com)
Exported: 2024-03-27 10:02 AM
5.0.249.1002172 (1002172)
eaa988d (23-yan, 2024 18:44:49)
-->
<scene title="DARKEN AMP FOR Movie CC" width="1080" height="1080" exportWidth="1080" exportHeight="1080" precompose="dynamicResolution" bgcolor="#ff000000" totalTime="2032" fps="60" modifiedTime="1711515754585" amver="1002172" ffver="106" am="com.alightcreative.motion/5.0.249.1002172" amplatform="android" retime="freeze" retimeAdaptFPS="false">
  <media uri="content://media/external/images/media/1000075040" type="image/jpeg" duration="0" orientation="0" infoUpdated="1711513607731" width="0" height="0" />
  <shape id="10046676" label="made by : darken" startTime="0" endTime="2032" fillType="media" fillImage="content://media/external/images/media/1000075040" mediaFillMode="fill" s=".rect">
    <transform>
      <location value="540.000000,540.000000,0.000000" />
    </transform>
    <property name="size" type="vec2" value="540.000000,540.000000" />
  </shape>
  <shape id="10046670" label="Layer 4" startTime="0" endTime="2032" fillType="color" mediaFillMode="stretch" s=".rect">
    <transform>
      <location value="-78.098206,550.581970,0.000000" />
      <scale value="13.469134,13.469134" />
    </transform>
    <fillColor value="#ffc9a45b" />
    <effect id="com.alightcreative.effects.lift" locallyApplied="false">
      <property name="fill" type="float" value="0.000000" />
    </effect>
    <effect id="com.alightcreative.effects.channelmap" locallyApplied="true">
      <property name="red" type="int" value="4" />
      <property name="green" type="int" value="3" />
      <property name="blue" type="int" value="2" />
      <property name="alpha" type="int" value="3" />
    </effect>
    <effect id="com.alightcreative.effects.exposure" locallyApplied="true">
      <property name="exposure" type="float" value="0.750000" />
      <property name="gamma" type="float" value="0.795000" />
      <property name="offset" type="float" value="0.000000" />
    </effect>
    <property name="size" type="vec2" value="100.000000,100.000000" />
  </shape>
  <shape id="10046671" label="Layer 3" startTime="0" endTime="2032" fillType="color" blending="screen" mediaFillMode="stretch" s=".rect">
    <transform>
      <location value="-78.098206,550.581970,0.000000" />
      <scale value="13.469134,13.469134" />
    </transform>
    <fillColor value="#ffc0f4d9" />
    <effect id="com.alightcreative.effects.lift" locallyApplied="false">
      <property name="fill" type="float" value="0.000000" />
    </effect>
    <effect id="com.alightcreative.effects.brightcont2" locallyApplied="false">
      <property name="brightness" type="float" value="-1.000000" />
      <property name="contrast" type="float" value="3.000000" />
    </effect>
    <effect id="com.alightcreative.effects.gaussianblur" locallyApplied="false">
      <property name="strength" type="float" value="0.500000" />
    </effect>
    <property name="size" type="vec2" value="100.000000,100.000000" />
  </shape>
  <shape id="10046672" label="Layer 2" startTime="0" endTime="2032" fillType="color" mediaFillMode="stretch" s=".rect">
    <transform>
      <location value="-78.098206,550.581970,0.000000" />
      <scale value="13.469134,13.469134" />
    </transform>
    <fillColor value="#ffbb4488" />
    <effect id="com.alightcreative.effects.lift" locallyApplied="false">
      <property name="fill" type="float" value="0.000000" />
    </effect>
    <effect id="com.alightcreative.effects.unsharpmask" locallyApplied="false">
      <property name="strength" type="float" value="0.250000" />
      <property name="amount" type="float" value="0.300000" />
      <property name="threshold" type="float" value="-0.500000" />
      <property name="showMask" type="bool" value="false" />
    </effect>
    <effect id="com.alightcreative.effects.sharpen" hidden="true" locallyApplied="false">
      <property name="strength" type="float" value="0.500000" />
      <property name="radius" type="float" value="1.000000" />
    </effect>
    <effect id="com.alightcreative.effects.channelmap" locallyApplied="true">
      <property name="red" type="int" value="0" />
      <property name="green" type="int" value="2" />
      <property name="blue" type="int" value="2" />
      <property name="alpha" type="int" value="3" />
    </effect>
    <property name="size" type="vec2" value="100.000000,100.000000" />
  </shape>
  <shape id="10046673" label="Layer 1 In Flicker " startTime="0" endTime="2032" fillType="color" mediaFillMode="stretch" s=".rect">
    <transform>
      <location value="-78.098206,550.581970,0.000000" />
      <scale value="13.469134,13.469134" />
      <opacity value="0.056641" />
    </transform>
    <fillColor value="#ff000000" />
    <effect id="com.alightcreative.effects.blink2" locallyApplied="false">
      <property name="freq" type="float" value="16.000000" />
    </effect>
    <property name="size" type="vec2" value="100.000000,100.000000" />
  </shape>
</scene>